Fecha;MP25;MP25_Original;PM10;Fue_Imputado
2020-01-01;15,0;15,0;46,0;0
2020-01-02;14,0;14,0;58,0;0
2020-01-03;16,0;16,0;63,0;0
2020-01-04;15,0;15,0;60,0;0
2020-01-05;14,0;14,0;46,0;0
2020-01-06;15,0;15,0;50,0;0
2020-01-07;13,0;13,0;53,0;0
2020-01-08;8,0;8,0;37,0;0
2020-01-09;11,0;11,0;49,0;0
2020-01-10;13,0;13,0;61,0;0
2020-01-11;14,0;14,0;57,0;0
2020-01-12;13,0;13,0;53,0;0
2020-01-13;14,0;14,0;57,0;0
2020-01-14;14,0;14,0;62,0;0
2020-01-15;13,0;13,0;74,0;0
2020-01-16;22,0;22,0;110,0;0
2020-01-17;22,0;22,0;90,0;0
2020-01-18;22,0;22,0;87,0;0
2020-01-19;17,0;17,0;62,0;0
2020-01-20;18,0;18,0;70,0;0
2020-01-21;17,0;17,0;78,0;0
2020-01-22;15,0;15,0;66,0;0
2020-01-23;12,0;12,0;59,0;0
2020-01-24;12,0;12,0;58,0;0
2020-01-25;15,0;15,0;61,0;0
2020-01-26;15,0;15,0;55,0;0
2020-01-27;13,0;13,0;57,0;0
2020-01-28;17,0;17,0;78,0;0
2020-01-29;10,0;10,0;44,0;0
2020-01-30;16,0;16,0;66,0;0
2020-01-31;17,0;17,0;73,0;0
2020-02-01;15,0;15,0;61,0;0
2020-02-02;12,0;12,0;56,0;0
2020-02-03;8,0;8,0;50,0;0
2020-02-04;8,0;8,0;47,0;0
2020-02-05;8,0;8,0;49,0;0
2020-02-06;10,0;10,0;53,0;0
2020-02-07;12,0;12,0;64,0;0
2020-02-08;14,0;14,0;64,0;0
2020-02-09;18,0;18,0;58,0;0
2020-02-10;17,0;17,0;73,0;0
2020-02-11;23,0;23,0;77,0;0
2020-02-12;21,0;21,0;69,0;0
2020-02-13;15,0;15,0;67,0;0
2020-02-14;24,0;24,0;84,0;0
2020-02-15;19,0;19,0;70,0;0
2020-02-16;16,0;16,0;53,0;0
2020-02-17;10,0;10,0;46,0;0
2020-02-18;14,0;14,0;70,0;0
2020-02-19;18,0;18,0;77,0;0
2020-02-20;23,0;23,0;92,0;0
2020-02-21;19,0;19,0;75,0;0
2020-02-22;17,0;17,0;57,0;0
2020-02-23;15,0;15,0;51,0;0
2020-02-24;15,0;15,0;62,0;0
2020-02-25;17,0;17,0;74,0;0
2020-02-26;20,0;20,0;86,0;0
2020-02-27;18,0;18,0;83,0;0
2020-02-28;23,0;23,0;94,0;0
2020-02-29;25,0;25,0;83,0;0
2020-03-01;15,0;15,0;48,0;0
2020-03-02;17,0;17,0;67,0;0
2020-03-03;21,0;21,0;78,0;0
2020-03-04;21,0;21,0;79,0;0
2020-03-05;24,0;24,0;85,0;0
2020-03-06;22,0;22,0;88,0;0
2020-03-07;19,0;19,0;73,0;0
2020-03-08;13,0;13,0;48,0;0
2020-03-09;19,0;19,0;68,0;0
2020-03-10;20,0;20,0;89,0;0
2020-03-11;19,0;19,0;83,0;0
2020-03-12;13,0;13,0;62,0;0
2020-03-13;11,0;11,0;59,0;0
2020-03-14;12,0;12,0;58,0;0
2020-03-15;13,0;13,0;55,0;0
2020-03-16;18,51463583165671;;74,0;1
2020-03-17;25,392922816890366;;85,0;1
2020-03-18;25,082882252755784;;84,0;1
2020-03-19;26,3221804751706;;87,0;1
2020-03-20;31,433976840577035;;100,0;1
2020-03-21;17,039408311558525;;52,0;1
2020-03-22;10,923572969058888;;36,0;1
2020-03-23;16,36465138645169;;61,0;1
2020-03-24;16,444927563328918;;61,0;1
2020-03-25;14,589694193515712;;56,0;1
2020-03-26;20,972085249266005;;78,0;1
2020-03-27;16,0;16,0;52,0;0
2020-03-28;22,0;22,0;69,0;0
2020-03-29;20,0;20,0;60,0;0
2020-03-30;23,0;23,0;83,0;0
2020-03-31;18,0;18,0;87,0;0
2020-04-01;16,0;16,0;85,0;0
2020-04-02;19,0;19,0;101,0;0
2020-04-03;30,0;30,0;122,0;0
2020-04-04;26,0;26,0;101,0;0
2020-04-05;16,0;16,0;58,0;0
2020-04-06;16,0;16,0;82,0;0
2020-04-07;17,0;17,0;91,0;0
2020-04-08;26,0;26,0;109,0;0
2020-04-09;25,0;25,0;87,0;0
2020-04-10;21,0;21,0;64,0;0
2020-04-11;21,0;21,0;63,0;0
2020-04-12;25,0;25,0;58,0;0
2020-04-13;22,0;22,0;70,0;0
2020-04-14;24,0;24,0;86,0;0
2020-04-15;27,0;27,0;86,0;0
2020-04-16;31,0;31,0;102,0;0
2020-04-17;31,0;31,0;109,0;0
2020-04-18;23,0;23,0;81,0;0
2020-04-19;17,0;17,0;59,0;0
2020-04-20;18,0;18,0;82,0;0
2020-04-21;18,0;18,0;95,0;0
2020-04-22;26,0;26,0;110,0;0
2020-04-23;23,0;23,0;74,0;0
2020-04-24;15,0;15,0;54,0;0
2020-04-25;17,0;17,0;56,0;0
2020-04-26;10,0;10,0;32,0;0
2020-04-27;7,0;7,0;40,0;0
2020-04-28;12,0;12,0;63,0;0
2020-04-29;20,0;20,0;96,0;0
2020-04-30;28,0;28,0;112,0;0
2020-05-01;32,0;32,0;94,0;0
2020-05-02;30,0;30,0;78,0;0
2020-05-03;28,0;28,0;68,0;0
2020-05-04;23,0;23,0;85,0;0
2020-05-05;23,0;23,0;93,0;0
2020-05-06;31,0;31,0;122,0;0
2020-05-07;28,0;28,0;118,0;0
2020-05-08;38,0;38,0;128,0;0
2020-05-09;33,0;33,0;101,0;0
2020-05-10;22,0;22,0;55,0;0
2020-05-11;25,0;25,0;74,0;0
2020-05-12;26,0;26,0;96,0;0
2020-05-13;38,0;38,0;121,0;0
2020-05-14;28,0;28,0;103,0;0
2020-05-15;27,0;27,0;109,0;0
2020-05-16;25,0;25,0;86,0;0
2020-05-17;21,0;21,0;64,0;0
2020-05-18;30,0;30,0;87,0;0
2020-05-19;31,0;31,0;65,0;0
2020-05-20;26,0;26,0;62,0;0
2020-05-21;18,0;18,0;38,0;0
2020-05-22;31,0;31,0;78,0;0
2020-05-23;33,0;33,0;83,0;0
2020-05-24;25,0;25,0;68,0;0
2020-05-25;26,0;26,0;90,0;0
2020-05-26;26,0;26,0;79,0;0
2020-05-27;35,0;35,0;75,0;0
2020-05-28;40,0;40,0;95,0;0
2020-05-29;43,0;43,0;100,0;0
2020-05-30;42,0;42,0;92,0;0
2020-05-31;46,0;46,0;93,0;0
2020-06-01;29,0;29,0;74,0;0
2020-06-02;38,0;38,0;101,0;0
2020-06-03;10,0;10,0;28,0;0
2020-06-04;23,0;23,0;59,0;0
2020-06-05;37,0;37,0;87,0;0
2020-06-06;35,0;35,0;79,0;0
2020-06-07;41,0;41,0;76,0;0
2020-06-08;42,0;42,0;99,0;0
2020-06-09;40,0;40,0;97,0;0
2020-06-10;45,0;45,0;112,0;0
2020-06-11;49,0;49,0;119,0;0
2020-06-12;19,0;19,0;40,0;0
2020-06-13;30,0;30,0;77,0;0
2020-06-14;24,0;24,0;54,0;0
2020-06-15;27,0;27,0;61,0;0
2020-06-16;39,0;39,0;112,0;0
2020-06-17;17,0;17,0;40,0;0
2020-06-18;33,0;33,0;107,0;0
2020-06-19;24,0;24,0;64,0;0
2020-06-20;28,0;28,0;70,0;0
2020-06-21;39,0;39,0;78,0;0
2020-06-22;35,0;35,0;71,0;0
2020-06-23;6,0;6,0;15,0;0
2020-06-24;6,0;6,0;19,0;0
2020-06-25;25,0;25,0;74,0;0
2020-06-26;25,0;25,0;70,0;0
2020-06-27;44,0;44,0;111,0;0
2020-06-28;33,0;33,0;73,0;0
2020-06-29;17,0;17,0;30,0;0
2020-06-30;20,0;20,0;58,0;0
2020-07-01;18,0;18,0;57,0;0
2020-07-02;32,0;32,0;83,0;0
2020-07-03;39,0;39,0;95,0;0
2020-07-04;12,0;12,0;25,0;0
2020-07-05;9,0;9,0;21,0;0
2020-07-06;25,0;25,0;68,0;0
2020-07-07;37,0;37,0;91,0;0
2020-07-08;24,0;24,0;61,0;0
2020-07-09;40,0;40,0;109,0;0
2020-07-10;51,0;51,0;133,0;0
2020-07-11;60,0;60,0;126,0;0
2020-07-12;59,0;59,0;116,0;0
2020-07-13;60,0;60,0;151,0;0
2020-07-14;37,0;37,0;111,0;0
2020-07-15;60,0;60,0;134,0;0
2020-07-16;58,0;58,0;130,0;0
2020-07-17;57,0;57,0;135,0;0
2020-07-18;45,0;45,0;115,0;0
2020-07-19;27,0;27,0;55,0;0
2020-07-20;13,0;13,0;48,0;0
2020-07-21;10,0;10,0;21,0;0
2020-07-22;14,0;14,0;38,0;0
2020-07-23;40,0;40,0;95,0;0
2020-07-24;25,0;25,0;80,0;0
2020-07-25;41,0;41,0;105,0;0
2020-07-26;71,0;71,0;134,0;0
2020-07-27;49,0;49,0;92,0;0
2020-07-28;49,0;49,0;113,0;0
2020-07-29;40,0;40,0;102,0;0
2020-07-30;32,0;32,0;78,0;0
2020-07-31;60,0;60,0;140,0;0
2020-08-01;44,0;44,0;83,0;0
2020-08-02;48,0;48,0;79,0;0
2020-08-03;41,0;41,0;81,0;0
2020-08-04;36,0;36,0;84,0;0
2020-08-05;15,0;15,0;38,0;0
2020-08-06;19,0;19,0;45,0;0
2020-08-07;46,0;46,0;97,0;0
2020-08-08;40,0;40,0;83,0;0
2020-08-09;31,0;31,0;55,0;0
2020-08-10;22,0;22,0;62,0;0
2020-08-11;22,0;22,0;57,0;0
2020-08-12;33,0;33,0;72,0;0
2020-08-13;36,0;36,0;74,0;0
2020-08-14;20,0;20,0;54,0;0
2020-08-15;39,0;39,0;70,0;0
2020-08-16;47,0;47,0;75,0;0
2020-08-17;26,0;26,0;64,0;0
2020-08-18;18,0;18,0;47,0;0
2020-08-19;28,0;28,0;64,0;0
2020-08-20;38,0;38,0;96,0;0
2020-08-21;33,0;33,0;92,0;0
2020-08-22;30,0;30,0;78,0;0
2020-08-23;15,0;15,0;29,0;0
2020-08-24;10,0;10,0;34,0;0
2020-08-25;12,0;12,0;33,0;0
2020-08-26;7,0;7,0;16,0;0
2020-08-27;14,0;14,0;33,0;0
2020-08-28;15,0;15,0;39,0;0
2020-08-29;12,0;12,0;25,0;0
2020-08-30;22,0;22,0;35,0;0
2020-08-31;20,0;20,0;43,0;0
2020-09-01;15,0;15,0;38,0;0
2020-09-02;27,0;27,0;57,0;0
2020-09-03;24,0;24,0;63,0;0
2020-09-04;28,0;28,0;70,0;0
2020-09-05;19,0;19,0;40,0;0
2020-09-06;24,0;24,0;47,0;0
2020-09-07;20,0;20,0;56,0;0
2020-09-08;20,0;20,0;47,0;0
2020-09-09;23,0;23,0;56,0;0
2020-09-10;16,0;16,0;48,0;0
2020-09-11;21,0;21,0;54,0;0
2020-09-12;41,0;41,0;84,0;0
2020-09-13;21,0;21,0;53,0;0
2020-09-14;22,0;22,0;84,0;0
2020-09-15;20,0;20,0;62,0;0
2020-09-16;26,0;26,0;75,0;0
2020-09-17;26,0;26,0;72,0;0
2020-09-18;24,0;24,0;59,0;0
2020-09-19;22,0;22,0;55,0;0
2020-09-20;19,0;19,0;49,0;0
2020-09-21;21,0;21,0;61,0;0
2020-09-22;19,0;19,0;62,0;0
2020-09-23;21,0;21,0;66,0;0
2020-09-24;22,0;22,0;73,0;0
2020-09-25;14,0;14,0;29,0;0
2020-09-26;7,0;7,0;25,0;0
2020-09-27;14,0;14,0;36,0;0
2020-09-28;16,0;16,0;60,0;0
2020-09-29;13,0;13,0;42,0;0
2020-09-30;9,0;9,0;36,0;0
2020-10-01;11,0;11,0;43,0;0
2020-10-02;11,0;11,0;43,0;0
2020-10-03;9,0;9,0;30,0;0
2020-10-04;6,0;6,0;26,0;0
2020-10-05;14,0;14,0;56,0;0
2020-10-06;14,0;14,0;52,0;0
2020-10-07;18,0;18,0;61,0;0
2020-10-08;14,0;14,0;59,0;0
2020-10-09;19,0;19,0;73,0;0
2020-10-10;14,0;14,0;66,0;0
2020-10-11;14,0;14,0;53,0;0
2020-10-12;15,0;15,0;49,0;0
2020-10-13;17,0;17,0;68,0;0
2020-10-14;21,0;21,0;61,0;0
2020-10-15;24,0;24,0;78,0;0
2020-10-16;18,0;18,0;56,0;0
2020-10-17;23,0;23,0;71,0;0
2020-10-18;20,0;20,0;48,0;0
2020-10-19;13,0;13,0;56,0;0
2020-10-20;12,0;12,0;59,0;0
2020-10-21;13,0;13,0;65,0;0
2020-10-22;18,0;18,0;67,0;0
2020-10-23;17,0;17,0;67,0;0
2020-10-24;12,0;12,0;54,0;0
2020-10-25;6,0;6,0;28,0;0
2020-10-26;15,0;15,0;51,0;0
2020-10-27;8,0;8,0;47,0;0
2020-10-28;11,0;11,0;45,0;0
2020-10-29;12,0;12,0;57,0;0
2020-10-30;16,0;16,0;61,0;0
2020-10-31;19,0;19,0;65,0;0
2020-11-01;13,0;13,0;43,0;0
2020-11-02;16,0;16,0;71,0;0
2020-11-03;17,0;17,0;62,0;0
2020-11-04;15,0;15,0;57,0;0
2020-11-05;12,0;12,0;54,0;0
2020-11-06;15,0;15,0;65,0;0
2020-11-07;14,0;14,0;61,0;0
2020-11-08;13,0;13,0;47,0;0
2020-11-09;14,0;14,0;55,0;0
2020-11-10;14,0;14,0;58,0;0
2020-11-11;14,0;14,0;49,0;0
2020-11-12;15,0;15,0;54,0;0
2020-11-13;12,0;12,0;34,0;0
2020-11-14;10,0;10,0;33,0;0
2020-11-15;8,0;8,0;35,0;0
2020-11-16;10,0;10,0;48,0;0
2020-11-17;13,0;13,0;47,0;0
2020-11-18;13,0;13,0;53,0;0
2020-11-19;11,0;11,0;42,0;0
2020-11-20;7,0;7,0;28,0;0
2020-11-21;7,0;7,0;33,0;0
2020-11-22;8,0;8,0;35,0;0
2020-11-23;8,0;8,0;47,0;0
2020-11-24;6,0;6,0;39,0;0
2020-11-25;10,0;10,0;54,0;0
2020-11-26;12,0;12,0;63,0;0
2020-11-27;17,0;17,0;65,0;0
2020-11-28;14,0;14,0;54,0;0
2020-11-29;9,0;9,0;37,0;0
2020-11-30;8,0;8,0;47,0;0
2020-12-01;11,0;11,0;65,0;0
2020-12-02;12,0;12,0;58,0;0
2020-12-03;9,0;9,0;54,0;0
2020-12-04;14,0;14,0;63,0;0
2020-12-05;15,0;15,0;62,0;0
2020-12-06;14,0;14,0;54,0;0
2020-12-07;12,0;12,0;60,0;0
2020-12-08;10,0;10,0;42,0;0
2020-12-09;9,0;9,0;49,0;0
2020-12-10;9,0;9,0;53,0;0
2020-12-11;10,0;10,0;52,0;0
2020-12-12;8,655933072502538;;;1
2020-12-13;7,0;7,0;37,0;0
2020-12-14;9,0;9,0;59,0;0
2020-12-15;9,445950935068442;;;1
2020-12-16;11,0;11,0;64,0;0
2020-12-17;14,0;14,0;67,0;0
2020-12-18;9,0;9,0;35,0;0
2020-12-19;9,0;9,0;37,0;0
2020-12-20;9,0;9,0;33,0;0
2020-12-21;10,0;10,0;49,0;0
2020-12-22;13,0;13,0;59,0;0
2020-12-23;16,0;16,0;72,0;0
2020-12-24;14,0;14,0;57,0;0
2020-12-25;12,0;12,0;46,0;0
2020-12-26;12,0;12,0;47,0;0
2020-12-27;9,0;9,0;31,0;0
2020-12-28;10,0;10,0;49,0;0
2020-12-29;10,0;10,0;49,0;0
2020-12-30;10,0;10,0;50,0;0
2020-12-31;14,0;14,0;63,0;0
2021-01-01;18,0;18,0;56,0;0
2021-01-02;11,0;11,0;46,0;0
2021-01-03;12,0;12,0;40,0;0
2021-01-04;11,0;11,0;54,0;0
2021-01-05;13,0;13,0;58,0;0
2021-01-06;15,0;15,0;57,0;0
2021-01-07;14,0;14,0;57,0;0
2021-01-08;12,0;12,0;55,0;0
2021-01-09;13,0;13,0;48,0;0
2021-01-10;5,0;5,0;29,0;0
2021-01-11;7,0;7,0;39,0;0
2021-01-12;9,0;9,0;54,0;0
2021-01-13;9,0;9,0;52,0;0
2021-01-14;13,0;13,0;64,0;0
2021-01-15;13,0;13,0;59,0;0
2021-01-16;10,0;10,0;45,0;0
2021-01-17;11,0;11,0;41,0;0
2021-01-18;16,0;16,0;60,0;0
2021-01-19;19,0;19,0;73,0;0
2021-01-20;17,0;17,0;67,0;0
2021-01-21;17,0;17,0;66,0;0
2021-01-22;17,0;17,0;69,0;0
2021-01-23;13,0;13,0;53,0;0
2021-01-24;13,0;13,0;42,0;0
2021-01-25;14,0;14,0;57,0;0
2021-01-26;13,0;13,0;60,0;0
2021-01-27;14,0;14,0;61,0;0
2021-01-28;11,0;11,0;58,0;0
2021-01-29;9,0;9,0;44,0;0
2021-01-30;6,0;6,0;17,0;0
2021-01-31;5,0;5,0;14,0;0
2021-02-01;7,0;7,0;23,0;0
2021-02-02;13,0;13,0;36,0;0
2021-02-03;14,0;14,0;49,0;0
2021-02-04;15,0;15,0;53,0;0
2021-02-05;15,0;15,0;43,0;0
2021-02-06;13,0;13,0;35,0;0
2021-02-07;16,0;16,0;36,0;0
2021-02-08;9,0;9,0;37,0;0
2021-02-09;11,0;11,0;46,0;0
2021-02-10;15,0;15,0;52,0;0
2021-02-11;12,0;12,0;35,0;0
2021-02-12;16,0;16,0;53,0;0
2021-02-13;13,0;13,0;36,0;0
2021-02-14;11,0;11,0;30,0;0
2021-02-15;12,0;12,0;41,0;0
2021-02-16;12,0;12,0;37,0;0
2021-02-17;10,0;10,0;46,0;0
2021-02-18;6,0;6,0;39,0;0
2021-02-19;8,0;8,0;47,0;0
2021-02-20;10,0;10,0;45,0;0
2021-02-21;9,0;9,0;34,0;0
2021-02-22;9,0;9,0;46,0;0
2021-02-23;11,0;11,0;55,0;0
2021-02-24;14,0;14,0;66,0;0
2021-02-25;16,0;16,0;66,0;0
2021-02-26;17,0;17,0;65,0;0
2021-02-27;18,0;18,0;58,0;0
2021-02-28;13,0;13,0;45,0;0
2021-03-01;13,0;13,0;58,0;0
2021-03-02;16,0;16,0;63,0;0
2021-03-03;16,0;16,0;62,0;0
2021-03-04;14,0;14,0;63,0;0
2021-03-05;14,0;14,0;56,0;0
2021-03-06;11,0;11,0;40,0;0
2021-03-07;11,0;11,0;40,0;0
2021-03-08;11,0;11,0;56,0;0
2021-03-09;12,0;12,0;60,0;0
2021-03-10;16,0;16,0;62,0;0
2021-03-11;13,0;13,0;61,0;0
2021-03-12;12,0;12,0;57,0;0
2021-03-13;12,0;12,0;50,0;0
2021-03-14;12,0;12,0;37,0;0
2021-03-15;4,0;4,0;33,0;0
2021-03-16;0,0;0,0;40,0;0
2021-03-17;6,238140134093735;;47,0;1
2021-03-18;7,640943668935778;;39,0;1
2021-03-19;6,753055276701506;;41,0;1
2021-03-20;7,0;7,0;33,0;0
2021-03-21;8,0;8,0;31,0;0
2021-03-22;8,0;8,0;42,0;0
2021-03-23;16,0;16,0;67,0;0
2021-03-24;18,0;18,0;63,0;0
2021-03-25;14,0;14,0;47,0;0
2021-03-26;17,0;17,0;61,0;0
2021-03-27;17,0;17,0;56,0;0
2021-03-28;17,0;17,0;49,0;0
2021-03-29;19,0;19,0;57,0;0
2021-03-30;18,0;18,0;66,0;0
2021-03-31;23,0;23,0;75,0;0
2021-04-01;31,0;31,0;66,0;0
2021-04-02;29,0;29,0;63,0;0
2021-04-03;26,0;26,0;60,0;0
2021-04-04;17,0;17,0;38,0;0
2021-04-05;18,0;18,0;56,0;0
2021-04-06;11,0;11,0;47,0;0
2021-04-07;10,0;10,0;45,0;0
2021-04-08;8,0;8,0;43,0;0
2021-04-09;10,0;10,0;47,0;0
2021-04-10;9,0;9,0;43,0;0
2021-04-11;16,0;16,0;48,0;0
2021-04-12;17,0;17,0;81,0;0
2021-04-13;19,0;19,0;84,0;0
2021-04-14;25,0;25,0;88,0;0
2021-04-15;23,0;23,0;77,0;0
2021-04-16;22,0;22,0;73,0;0
2021-04-17;17,0;17,0;46,0;0
2021-04-18;26,0;26,0;61,0;0
2021-04-19;21,0;21,0;67,0;0
2021-04-20;19,0;19,0;59,0;0
2021-04-21;7,0;7,0;38,0;0
2021-04-22;15,0;15,0;46,0;0
2021-04-23;17,0;17,0;44,0;0
2021-04-24;26,0;26,0;62,0;0
2021-04-25;26,0;26,0;56,0;0
2021-04-26;25,0;25,0;75,0;0
2021-04-27;25,0;25,0;73,0;0
2021-04-28;42,0;42,0;108,0;0
2021-04-29;35,0;35,0;92,0;0
2021-04-30;31,0;31,0;72,0;0
2021-05-01;40,0;40,0;81,0;0
2021-05-02;25,0;25,0;53,0;0
2021-05-03;12,0;12,0;44,0;0
2021-05-04;14,0;14,0;51,0;0
2021-05-05;22,0;22,0;69,0;0
2021-05-06;27,0;27,0;93,0;0
2021-05-07;19,0;19,0;56,0;0
2021-05-08;24,0;24,0;59,0;0
2021-05-09;25,0;25,0;56,0;0
2021-05-10;31,0;31,0;89,0;0
2021-05-11;37,0;37,0;114,0;0
2021-05-12;39,0;39,0;126,0;0
2021-05-13;63,0;63,0;173,0;0
2021-05-14;61,0;61,0;158,0;0
2021-05-15;74,0;74,0;149,0;0
2021-05-16;92,0;92,0;165,0;0
2021-05-17;55,0;55,0;120,0;0
2021-05-18;43,0;43,0;75,0;0
2021-05-19;46,0;46,0;94,0;0
2021-05-20;21,0;21,0;48,0;0
2021-05-21;9,0;9,0;18,0;0
2021-05-22;23,0;23,0;45,0;0
2021-05-23;30,0;30,0;54,0;0
2021-05-24;34,0;34,0;81,0;0
2021-05-25;29,0;29,0;82,0;0
2021-05-26;55,0;55,0;131,0;0
2021-05-27;37,0;37,0;91,0;0
2021-05-28;23,0;23,0;55,0;0
2021-05-29;33,0;33,0;67,0;0
2021-05-30;49,0;49,0;84,0;0
2021-05-31;26,0;26,0;76,0;0
2021-06-01;35,0;35,0;98,0;0
2021-06-02;37,0;37,0;94,0;0
2021-06-03;25,0;25,0;74,0;0
2021-06-04;28,0;28,0;72,0;0
2021-06-05;31,0;31,0;63,0;0
2021-06-06;33,0;33,0;63,0;0
2021-06-07;39,0;39,0;95,0;0
2021-06-08;39,0;39,0;92,0;0
2021-06-09;30,0;30,0;71,0;0
2021-06-10;32,0;32,0;78,0;0
2021-06-11;39,0;39,0;105,0;0
2021-06-12;42,0;42,0;97,0;0
2021-06-13;39,0;39,0;68,0;0
2021-06-14;50,0;50,0;101,0;0
2021-06-15;34,0;34,0;56,0;0
2021-06-16;34,0;34,0;71,0;0
2021-06-17;34,0;34,0;75,0;0
2021-06-18;45,0;45,0;88,0;0
2021-06-19;67,0;67,0;118,0;0
2021-06-20;78,0;78,0;120,0;0
2021-06-21;58,0;58,0;96,0;0
2021-06-22;31,0;31,0;77,0;0
2021-06-23;17,0;17,0;40,0;0
2021-06-24;34,0;34,0;80,0;0
2021-06-25;26,0;26,0;52,0;0
2021-06-26;13,0;13,0;25,0;0
2021-06-27;39,0;39,0;67,0;0
2021-06-28;38,0;38,0;78,0;0
2021-06-29;36,571603305321105;;;1
2021-06-30;50,06588970309046;;;1
2021-07-01;57,0;57,0;107,0;0
2021-07-02;47,0;47,0;97,0;0
2021-07-03;63,0;63,0;115,0;0
2021-07-04;76,0;76,0;121,0;0
2021-07-05;54,0;54,0;102,0;0
2021-07-06;39,0;39,0;67,0;0
2021-07-07;42,0;42,0;96,0;0
2021-07-08;47,0;47,0;105,0;0
2021-07-09;46,0;46,0;97,0;0
2021-07-10;73,0;73,0;133,0;0
2021-07-11;51,0;51,0;85,0;0
2021-07-12;40,0;40,0;69,0;0
2021-07-13;56,0;56,0;105,0;0
2021-07-14;73,0;73,0;137,0;0
2021-07-15;67,0;67,0;132,0;0
2021-07-16;43,0;43,0;80,0;0
2021-07-17;65,0;65,0;112,0;0
2021-07-18;40,0;40,0;82,0;0
2021-07-19;40,0;40,0;117,0;0
2021-07-20;48,0;48,0;146,0;0
2021-07-21;45,0;45,0;122,0;0
2021-07-22;67,0;67,0;152,0;0
2021-07-23;60,0;60,0;128,0;0
2021-07-24;38,0;38,0;64,0;0
2021-07-25;31,0;31,0;52,0;0
2021-07-26;13,0;13,0;34,0;0
2021-07-27;36,0;36,0;78,0;0
2021-07-28;43,0;43,0;114,0;0
2021-07-29;40,0;40,0;118,0;0
2021-07-30;53,0;53,0;122,0;0
2021-07-31;67,0;67,0;132,0;0
2021-08-01;59,0;59,0;120,0;0
2021-08-02;34,0;34,0;100,0;0
2021-08-03;44,0;44,0;120,0;0
2021-08-04;52,0;52,0;129,0;0
2021-08-05;51,0;51,0;100,0;0
2021-08-06;61,0;61,0;125,0;0
2021-08-07;44,0;44,0;78,0;0
2021-08-08;34,0;34,0;52,0;0
2021-08-09;28,0;28,0;61,0;0
2021-08-10;40,0;40,0;96,0;0
2021-08-11;41,0;41,0;101,0;0
2021-08-12;39,0;39,0;70,0;0
2021-08-13;71,0;71,0;136,0;0
2021-08-14;81,0;81,0;143,0;0
2021-08-15;57,0;57,0;92,0;0
2021-08-16;40,0;40,0;85,0;0
2021-08-17;23,0;23,0;66,0;0
2021-08-18;9,0;9,0;23,0;0
2021-08-19;7,0;7,0;15,0;0
2021-08-20;22,0;22,0;70,0;0
2021-08-21;20,0;20,0;59,0;0
2021-08-22;10,0;10,0;26,0;0
2021-08-23;12,0;12,0;37,0;0
2021-08-24;17,0;17,0;37,0;0
2021-08-25;12,0;12,0;30,0;0
2021-08-26;18,0;18,0;43,0;0
2021-08-27;34,0;34,0;80,0;0
2021-08-28;35,0;35,0;86,0;0
2021-08-29;32,0;32,0;68,0;0
2021-08-30;20,0;20,0;44,0;0
2021-08-31;26,0;26,0;59,0;0
2021-09-01;33,0;33,0;80,0;0
2021-09-02;26,0;26,0;56,0;0
2021-09-03;22,0;22,0;44,0;0
2021-09-04;14,0;14,0;41,0;0
2021-09-05;16,0;16,0;38,0;0
2021-09-06;7,0;7,0;24,0;0
2021-09-07;6,0;6,0;23,0;0
2021-09-08;12,0;12,0;38,0;0
2021-09-09;27,0;27,0;77,0;0
2021-09-10;33,0;33,0;92,0;0
2021-09-11;19,0;19,0;43,0;0
2021-09-12;4,0;4,0;11,0;0
2021-09-13;8,0;8,0;22,0;0
2021-09-14;18,0;18,0;51,0;0
2021-09-15;24,0;24,0;68,0;0
2021-09-16;24,0;24,0;69,0;0
2021-09-17;19,0;19,0;46,0;0
2021-09-18;18,0;18,0;35,0;0
2021-09-19;13,0;13,0;29,0;0
2021-09-20;16,0;16,0;46,0;0
2021-09-21;21,0;21,0;66,0;0
2021-09-22;14,0;14,0;42,0;0
2021-09-23;23,0;23,0;69,0;0
2021-09-24;23,0;23,0;80,0;0
2021-09-25;16,0;16,0;40,0;0
2021-09-26;15,0;15,0;36,0;0
2021-09-27;15,0;15,0;53,0;0
2021-09-28;15,0;15,0;58,0;0
2021-09-29;17,0;17,0;58,0;0
2021-09-30;8,0;8,0;34,0;0
2021-10-01;12,0;12,0;47,0;0
2021-10-02;7,0;7,0;30,0;0
2021-10-03;11,0;11,0;36,0;0
2021-10-04;16,0;16,0;55,0;0
2021-10-05;16,0;16,0;53,0;0
2021-10-06;18,0;18,0;63,0;0
2021-10-07;16,0;16,0;66,0;0
2021-10-08;10,0;10,0;25,0;0
2021-10-09;15,0;15,0;42,0;0
2021-10-10;10,0;10,0;27,0;0
2021-10-11;17,0;17,0;49,0;0
2021-10-12;15,0;15,0;42,0;0
2021-10-13;9,0;9,0;37,0;0
2021-10-14;7,0;7,0;20,0;0
2021-10-15;13,0;13,0;36,0;0
2021-10-16;15,0;15,0;42,0;0
2021-10-17;11,0;11,0;33,0;0
2021-10-18;16,0;16,0;50,0;0
2021-10-19;23,0;23,0;67,0;0
2021-10-20;17,0;17,0;44,0;0
2021-10-21;17,33514776811721;;59,0;1
2021-10-22;11,763881385011604;;45,0;1
2021-10-23;13,0;13,0;43,0;0
2021-10-24;13,0;13,0;46,0;0
2021-10-25;13,0;13,0;59,0;0
2021-10-26;15,0;15,0;64,0;0
2021-10-27;14,0;14,0;69,0;0
2021-10-28;16,0;16,0;61,0;0
2021-10-29;16,0;16,0;69,0;0
2021-10-30;16,0;16,0;60,0;0
2021-10-31;15,0;15,0;53,0;0
2021-11-01;15,0;15,0;47,0;0
2021-11-02;16,0;16,0;59,0;0
2021-11-03;10,0;10,0;48,0;0
2021-11-04;9,0;9,0;44,0;0
2021-11-05;13,0;13,0;67,0;0
2021-11-06;11,0;11,0;47,0;0
2021-11-07;12,0;12,0;43,0;0
2021-11-08;14,0;14,0;51,0;0
2021-11-09;10,0;10,0;53,0;0
2021-11-10;12,0;12,0;45,0;0
2021-11-11;13,0;13,0;51,0;0
2021-11-12;11,0;11,0;48,0;0
2021-11-13;6,0;6,0;26,0;0
2021-11-14;10,0;10,0;42,0;0
2021-11-15;8,0;8,0;44,0;0
2021-11-16;10,0;10,0;50,0;0
2021-11-17;12,0;12,0;53,0;0
2021-11-18;15,0;15,0;58,0;0
2021-11-19;13,0;13,0;57,0;0
2021-11-20;15,0;15,0;50,0;0
2021-11-21;13,0;13,0;44,0;0
2021-11-22;13,0;13,0;57,0;0
2021-11-23;14,0;14,0;66,0;0
2021-11-24;12,0;12,0;43,0;0
2021-11-25;12,0;12,0;49,0;0
2021-11-26;14,0;14,0;64,0;0
2021-11-27;9,0;9,0;34,0;0
2021-11-28;9,0;9,0;38,0;0
2021-11-29;9,0;9,0;53,0;0
2021-11-30;9,0;9,0;49,0;0
2021-12-01;10,0;10,0;48,0;0
2021-12-02;12,0;12,0;57,0;0
2021-12-03;13,0;13,0;54,0;0
2021-12-04;13,0;13,0;54,0;0
2021-12-05;15,0;15,0;55,0;0
2021-12-06;14,0;14,0;57,0;0
2021-12-07;13,0;13,0;52,0;0
2021-12-08;12,0;12,0;53,0;0
2021-12-09;16,0;16,0;66,0;0
2021-12-10;14,0;14,0;58,0;0
2021-12-11;10,0;10,0;33,0;0
2021-12-12;5,0;5,0;24,0;0
2021-12-13;10,0;10,0;42,0;0
2021-12-14;11,0;11,0;47,0;0
2021-12-15;11,0;11,0;53,0;0
2021-12-16;12,0;12,0;58,0;0
2021-12-17;11,0;11,0;51,0;0
2021-12-18;11,0;11,0;55,0;0
2021-12-19;14,0;14,0;51,0;0
2021-12-20;14,0;14,0;60,0;0
2021-12-21;18,0;18,0;64,0;0
2021-12-22;18,0;18,0;69,0;0
2021-12-23;13,0;13,0;51,0;0
2021-12-24;14,0;14,0;47,0;0
2021-12-25;12,17324004324886;;;1
2021-12-26;9,831733158906658;;;1
2021-12-27;12,934473673280255;;;1
2021-12-28;16,0;16,0;65,0;0
2021-12-29;12,0;12,0;41,0;0
2021-12-30;14,0;14,0;47,0;0
2021-12-31;11,0;11,0;47,0;0
2022-01-01;9,0;9,0;36,0;0
2022-01-02;7,0;7,0;29,0;0
2022-01-03;9,0;9,0;40,0;0
2022-01-04;8,0;8,0;39,0;0
2022-01-05;11,0;11,0;57,0;0
2022-01-06;14,0;14,0;61,0;0
2022-01-07;15,0;15,0;63,0;0
2022-01-08;14,0;14,0;50,0;0
2022-01-09;9,0;9,0;33,0;0
2022-01-10;9,0;9,0;44,0;0
2022-01-11;12,0;12,0;51,0;0
2022-01-12;11,0;11,0;52,0;0
2022-01-13;10,0;10,0;48,0;0
2022-01-14;11,0;11,0;51,0;0
2022-01-15;10,0;10,0;44,0;0
2022-01-16;8,0;8,0;29,0;0
2022-01-17;6,0;6,0;36,0;0
2022-01-18;9,0;9,0;53,0;0
2022-01-19;9,0;9,0;48,0;0
2022-01-20;10,0;10,0;52,0;0
2022-01-21;8,0;8,0;50,0;0
2022-01-22;6,0;6,0;34,0;0
2022-01-23;8,0;8,0;38,0;0
2022-01-24;12,0;12,0;54,0;0
2022-01-25;10,0;10,0;57,0;0
2022-01-26;14,0;14,0;61,0;0
2022-01-27;12,0;12,0;55,0;0
2022-01-28;14,0;14,0;59,0;0
2022-01-29;12,0;12,0;48,0;0
2022-01-30;11,0;11,0;38,0;0
2022-01-31;13,0;13,0;46,0;0
2022-02-01;12,0;12,0;53,0;0
2022-02-02;13,0;13,0;57,0;0
2022-02-03;10,0;10,0;48,0;0
2022-02-04;9,0;9,0;44,0;0
2022-02-05;11,0;11,0;43,0;0
2022-02-06;13,0;13,0;51,0;0
2022-02-07;13,0;13,0;58,0;0
2022-02-08;14,0;14,0;61,0;0
2022-02-09;18,0;18,0;67,0;0
2022-02-10;18,0;18,0;54,0;0
2022-02-11;18,0;18,0;59,0;0
2022-02-12;29,0;29,0;80,0;0
2022-02-13;18,0;18,0;56,0;0
2022-02-14;18,0;18,0;64,0;0
2022-02-15;19,0;19,0;63,0;0
2022-02-16;16,0;16,0;67,0;0
2022-02-17;17,0;17,0;65,0;0
2022-02-18;24,0;24,0;78,0;0
2022-02-19;16,0;16,0;54,0;0
2022-02-20;9,0;9,0;40,0;0
2022-02-21;9,0;9,0;43,0;0
2022-02-22;8,0;8,0;42,0;0
2022-02-23;6,0;6,0;36,0;0
2022-02-24;12,0;12,0;41,0;0
2022-02-25;14,0;14,0;52,0;0
2022-02-26;10,0;10,0;43,0;0
2022-02-27;6,0;6,0;34,0;0
2022-02-28;10,0;10,0;57,0;0
2022-03-01;17,0;17,0;78,0;0
2022-03-02;17,0;17,0;73,0;0
2022-03-03;15,0;15,0;63,0;0
2022-03-04;12,0;12,0;57,0;0
2022-03-05;11,0;11,0;50,0;0
2022-03-06;8,0;8,0;41,0;0
2022-03-07;10,0;10,0;50,0;0
2022-03-08;12,0;12,0;60,0;0
2022-03-09;11,0;11,0;57,0;0
2022-03-10;14,0;14,0;73,0;0
2022-03-11;17,0;17,0;75,0;0
2022-03-12;22,0;22,0;66,0;0
2022-03-13;19,0;19,0;60,0;0
2022-03-14;22,0;22,0;75,0;0
2022-03-15;24,56502727286242;;84,0;1
2022-03-16;18,359345135323306;;67,0;1
2022-03-17;19,209736506555686;;69,0;1
2022-03-18;19,878663119718777;;74,0;1
2022-03-19;17,0;17,0;74,0;0
2022-03-20;17,0;17,0;70,0;0
2022-03-21;10,0;10,0;59,0;0
2022-03-22;12,0;12,0;63,0;0
2022-03-23;7,0;7,0;51,0;0
2022-03-24;12,0;12,0;80,0;0
2022-03-25;19,0;19,0;98,0;0
2022-03-26;18,0;18,0;70,0;0
2022-03-27;18,0;18,0;63,0;0
2022-03-28;17,0;17,0;70,0;0
2022-03-29;12,0;12,0;77,0;0
2022-03-30;15,0;15,0;88,0;0
2022-03-31;18,0;18,0;98,0;0
2022-04-01;22,0;22,0;96,0;0
2022-04-02;24,0;24,0;77,0;0
2022-04-03;13,0;13,0;44,0;0
2022-04-04;15,0;15,0;73,0;0
2022-04-05;18,0;18,0;78,0;0
2022-04-06;20,0;20,0;84,0;0
2022-04-07;20,0;20,0;85,0;0
2022-04-08;19,0;19,0;77,0;0
2022-04-09;11,0;11,0;43,0;0
2022-04-10;8,0;8,0;35,0;0
2022-04-11;10,0;10,0;47,0;0
2022-04-12;11,0;11,0;68,0;0
2022-04-13;21,0;21,0;97,0;0
2022-04-14;23,0;23,0;95,0;0
2022-04-15;17,0;17,0;44,0;0
2022-04-16;31,0;31,0;73,0;0
2022-04-17;35,0;35,0;82,0;0
2022-04-18;27,0;27,0;83,0;0
2022-04-19;29,0;29,0;84,0;0
2022-04-20;19,0;19,0;76,0;0
2022-04-21;26,0;26,0;96,0;0
2022-04-22;24,0;24,0;66,0;0
2022-04-23;22,0;22,0;65,0;0
2022-04-24;11,0;11,0;41,0;0
2022-04-25;8,0;8,0;37,0;0
2022-04-26;5,0;5,0;22,0;0
2022-04-27;14,0;14,0;37,0;0
2022-04-28;33,0;33,0;101,0;0
2022-04-29;41,0;41,0;110,0;0
2022-04-30;32,0;32,0;81,0;0
2022-05-01;38,0;38,0;76,0;0
2022-05-02;26,0;26,0;72,0;0
2022-05-03;39,0;39,0;118,0;0
2022-05-04;35,0;35,0;100,0;0
2022-05-05;39,0;39,0;74,0;0
2022-05-06;55,0;55,0;101,0;0
2022-05-07;45,0;45,0;90,0;0
2022-05-08;30,0;30,0;46,0;0
2022-05-09;42,0;42,0;84,0;0
2022-05-10;54,0;54,0;133,0;0
2022-05-11;56,0;56,0;139,0;0
2022-05-12;55,0;55,0;121,0;0
2022-05-13;51,0;51,0;109,0;0
2022-05-14;52,0;52,0;125,0;0
2022-05-15;53,0;53,0;121,0;0
2022-05-16;54,0;54,0;120,0;0
2022-05-17;67,0;67,0;146,0;0
2022-05-18;70,0;70,0;155,0;0
2022-05-19;35,0;35,0;93,0;0
2022-05-20;33,0;33,0;89,0;0
2022-05-21;38,0;38,0;84,0;0
2022-05-22;40,0;40,0;85,0;0
2022-05-23;21,0;21,0;72,0;0
2022-05-24;27,0;27,0;88,0;0
2022-05-25;36,0;36,0;102,0;0
2022-05-26;46,0;46,0;108,0;0
2022-05-27;77,0;77,0;170,0;0
2022-05-28;103,0;103,0;186,0;0
2022-05-29;60,0;60,0;106,0;0
2022-05-30;52,0;52,0;111,0;0
2022-05-31;52,0;52,0;117,0;0
2022-06-01;33,0;33,0;78,0;0
2022-06-02;30,0;30,0;66,0;0
2022-06-03;36,0;36,0;71,0;0
2022-06-04;14,0;14,0;35,0;0
2022-06-05;12,0;12,0;35,0;0
2022-06-06;27,0;27,0;76,0;0
2022-06-07;45,0;45,0;104,0;0
2022-06-08;42,0;42,0;84,0;0
2022-06-09;56,0;56,0;113,0;0
2022-06-10;68,0;68,0;153,0;0
2022-06-11;53,0;53,0;115,0;0
2022-06-12;73,0;73,0;116,0;0
2022-06-13;53,0;53,0;94,0;0
2022-06-14;49,0;49,0;87,0;0
2022-06-15;45,0;45,0;98,0;0
2022-06-16;37,0;37,0;79,0;0
2022-06-17;47,0;47,0;105,0;0
2022-06-18;74,0;74,0;140,0;0
2022-06-19;86,0;86,0;145,0;0
2022-06-20;75,0;75,0;128,0;0
2022-06-21;42,0;42,0;79,0;0
2022-06-22;42,0;42,0;92,0;0
2022-06-23;16,0;16,0;44,0;0
2022-06-24;35,0;35,0;110,0;0
2022-06-25;45,0;45,0;115,0;0
2022-06-26;64,0;64,0;113,0;0
2022-06-27;32,0;32,0;54,0;0
2022-06-28;30,0;30,0;83,0;0
2022-06-29;36,0;36,0;92,0;0
2022-06-30;35,0;35,0;83,0;0
2022-07-01;11,0;11,0;29,0;0
2022-07-02;25,0;25,0;53,0;0
2022-07-03;60,0;60,0;121,0;0
2022-07-04;57,0;57,0;127,0;0
2022-07-05;43,0;43,0;105,0;0
2022-07-06;37,0;37,0;76,0;0
2022-07-07;54,0;54,0;128,0;0
2022-07-08;41,0;41,0;86,0;0
2022-07-09;12,0;12,0;31,0;0
2022-07-10;7,0;7,0;11,0;0
2022-07-11;13,0;13,0;29,0;0
2022-07-12;27,0;27,0;75,0;0
2022-07-13;32,0;32,0;78,0;0
2022-07-14;9,0;9,0;19,0;0
2022-07-15;17,0;17,0;37,0;0
2022-07-16;19,0;19,0;47,0;0
2022-07-17;42,0;42,0;86,0;0
2022-07-18;44,0;44,0;118,0;0
2022-07-19;46,0;46,0;128,0;0
2022-07-20;44,0;44,0;113,0;0
2022-07-21;44,0;44,0;112,0;0
2022-07-22;54,0;54,0;143,0;0
2022-07-23;51,0;51,0;111,0;0
2022-07-24;44,0;44,0;74,0;0
2022-07-25;27,0;27,0;55,0;0
2022-07-26;26,0;26,0;66,0;0
2022-07-27;22,0;22,0;52,0;0
2022-07-28;30,0;30,0;82,0;0
2022-07-29;40,0;40,0;112,0;0
2022-07-30;36,0;36,0;73,0;0
2022-07-31;45,0;45,0;84,0;0
2022-08-01;43,0;43,0;81,0;0
2022-08-02;58,0;58,0;104,0;0
2022-08-03;41,0;41,0;84,0;0
2022-08-04;32,0;32,0;74,0;0
2022-08-05;45,0;45,0;104,0;0
2022-08-06;24,0;24,0;48,0;0
2022-08-07;8,0;8,0;17,0;0
2022-08-08;25,0;25,0;64,0;0
2022-08-09;40,0;40,0;121,0;0
2022-08-10;29,0;29,0;86,0;0
2022-08-11;34,0;34,0;75,0;0
2022-08-12;21,0;21,0;49,0;0
2022-08-13;36,0;36,0;77,0;0
2022-08-14;21,0;21,0;43,0;0
2022-08-15;6,0;6,0;16,0;0
2022-08-16;26,0;26,0;78,0;0
2022-08-17;18,0;18,0;36,0;0
2022-08-18;30,0;30,0;84,0;0
2022-08-19;46,0;46,0;128,0;0
2022-08-20;47,0;47,0;115,0;0
2022-08-21;39,0;39,0;81,0;0
2022-08-22;30,0;30,0;55,0;0
2022-08-23;53,0;53,0;105,0;0
2022-08-24;58,0;58,0;123,0;0
2022-08-25;52,0;52,0;132,0;0
2022-08-26;52,0;52,0;124,0;0
2022-08-27;34,0;34,0;78,0;0
2022-08-28;46,0;46,0;129,0;0
2022-08-29;27,0;27,0;84,0;0
2022-08-30;24,0;24,0;53,0;0
2022-08-31;21,0;21,0;54,0;0
2022-09-01;25,0;25,0;57,0;0
2022-09-02;47,0;47,0;125,0;0
2022-09-03;41,0;41,0;108,0;0
2022-09-04;38,0;38,0;83,0;0
2022-09-05;32,0;32,0;86,0;0
2022-09-06;32,0;32,0;92,0;0
2022-09-07;12,0;12,0;32,0;0
2022-09-08;9,0;9,0;26,0;0
2022-09-09;32,0;32,0;97,0;0
2022-09-10;35,0;35,0;82,0;0
2022-09-11;10,0;10,0;22,0;0
2022-09-12;26,0;26,0;62,0;0
2022-09-13;17,0;17,0;48,0;0
2022-09-14;27,0;27,0;89,0;0
2022-09-15;31,0;31,0;82,0;0
2022-09-16;20,0;20,0;42,0;0
2022-09-17;17,0;17,0;32,0;0
2022-09-18;8,0;8,0;18,0;0
2022-09-19;13,0;13,0;37,0;0
2022-09-20;9,0;9,0;29,0;0
2022-09-21;9,0;9,0;36,0;0
2022-09-22;16,0;16,0;67,0;0
2022-09-23;21,0;21,0;71,0;0
2022-09-24;11,0;11,0;27,0;0
2022-09-25;9,0;9,0;29,0;0
2022-09-26;13,0;13,0;43,0;0
2022-09-27;17,0;17,0;53,0;0
2022-09-28;17,0;17,0;60,0;0
2022-09-29;21,0;21,0;68,0;0
2022-09-30;31,0;31,0;87,0;0
2022-10-01;25,0;25,0;69,0;0
2022-10-02;23,0;23,0;59,0;0
2022-10-03;12,0;12,0;30,0;0
2022-10-04;11,0;11,0;41,0;0
2022-10-05;10,0;10,0;37,0;0
2022-10-06;15,0;15,0;51,0;0
2022-10-07;14,0;14,0;61,0;0
2022-10-08;5,0;5,0;30,0;0
2022-10-09;11,0;11,0;41,0;0
2022-10-10;11,0;11,0;42,0;0
2022-10-11;17,0;17,0;65,0;0
2022-10-12;16,0;16,0;62,0;0
2022-10-13;14,0;14,0;59,0;0
2022-10-14;15,0;15,0;68,0;0
2022-10-15;20,0;20,0;78,0;0
2022-10-16;15,0;15,0;52,0;0
2022-10-17;10,0;10,0;44,0;0
2022-10-18;10,0;10,0;41,0;0
2022-10-19;9,0;9,0;37,0;0
2022-10-20;11,0;11,0;47,0;0
2022-10-21;14,0;14,0;56,0;0
2022-10-22;13,0;13,0;59,0;0
2022-10-23;13,0;13,0;50,0;0
2022-10-24;13,0;13,0;52,0;0
2022-10-25;7,0;7,0;47,0;0
2022-10-26;9,0;9,0;41,0;0
2022-10-27;11,0;11,0;54,0;0
2022-10-28;13,0;13,0;58,0;0
2022-10-29;11,0;11,0;44,0;0
2022-10-30;4,0;4,0;32,0;0
2022-10-31;10,0;10,0;56,0;0
2022-11-01;12,0;12,0;62,0;0
2022-11-02;15,0;15,0;69,0;0
2022-11-03;16,0;16,0;72,0;0
2022-11-04;18,0;18,0;75,0;0
2022-11-05;13,0;13,0;52,0;0
2022-11-06;13,0;13,0;46,0;0
2022-11-07;15,0;15,0;63,0;0
2022-11-08;15,0;15,0;61,0;0
2022-11-09;9,0;9,0;31,0;0
2022-11-10;11,0;11,0;42,0;0
2022-11-11;6,0;6,0;30,0;0
2022-11-12;5,0;5,0;27,0;0
2022-11-13;7,0;7,0;24,0;0
2022-11-14;10,0;10,0;42,0;0
2022-11-15;13,0;13,0;55,0;0
2022-11-16;12,0;12,0;52,0;0
2022-11-17;14,0;14,0;58,0;0
2022-11-18;14,0;14,0;59,0;0
2022-11-19;11,0;11,0;47,0;0
2022-11-20;11,0;11,0;45,0;0
2022-11-21;11,0;11,0;49,0;0
2022-11-22;14,0;14,0;61,0;0
2022-11-23;17,0;17,0;72,0;0
2022-11-24;14,0;14,0;63,0;0
2022-11-25;14,0;14,0;65,0;0
2022-11-26;13,0;13,0;64,0;0
2022-11-27;13,0;13,0;54,0;0
2022-11-28;14,0;14,0;57,0;0
2022-11-29;13,0;13,0;47,0;0
2022-11-30;11,0;11,0;40,0;0
2022-12-01;12,0;12,0;50,0;0
2022-12-02;14,0;14,0;60,0;0
2022-12-03;13,0;13,0;54,0;0
2022-12-04;9,0;9,0;46,0;0
2022-12-05;10,0;10,0;51,0;0
2022-12-06;9,04886787466518;;;1
2022-12-07;9,951589944732763;;;1
2022-12-08;11,0;11,0;39,0;0
2022-12-09;7,0;7,0;39,0;0
2022-12-10;9,0;9,0;47,0;0
2022-12-11;11,0;11,0;54,0;0
2022-12-12;14,0;14,0;69,0;0
2022-12-13;12,0;12,0;63,0;0
2022-12-14;12,0;12,0;61,0;0
2022-12-15;27,0;27,0;78,0;0
2022-12-16;78,0;78,0;144,0;0
2022-12-17;16,0;16,0;58,0;0
2022-12-18;14,0;14,0;50,0;0
2022-12-19;10,0;10,0;51,0;0
2022-12-20;9,0;9,0;44,0;0
2022-12-21;9,0;9,0;51,0;0
2022-12-22;8,0;8,0;;0
2022-12-23;7,0;7,0;;0
2022-12-24;11,0;11,0;53,0;0
2022-12-25;11,0;11,0;50,0;0
2022-12-26;12,0;12,0;49,0;0
2022-12-27;13,0;13,0;55,0;0
2022-12-28;14,0;14,0;59,0;0
2022-12-29;16,0;16,0;77,0;0
2022-12-30;18,0;18,0;66,0;0
2022-12-31;15,0;15,0;41,0;0
2023-01-01;17,0;17,0;36,0;0
2023-01-02;10,0;10,0;31,0;0
2023-01-03;12,0;12,0;42,0;0
2023-01-04;16,0;16,0;66,0;0
2023-01-05;17,0;17,0;58,0;0
2023-01-06;13,0;13,0;53,0;0
2023-01-07;12,0;12,0;50,0;0
2023-01-08;9,0;9,0;43,0;0
2023-01-09;11,0;11,0;49,0;0
2023-01-10;9,0;9,0;43,0;0
2023-01-11;11,0;11,0;54,0;0
2023-01-12;9,0;9,0;52,0;0
2023-01-13;11,0;11,0;60,0;0
2023-01-14;10,0;10,0;50,0;0
2023-01-15;13,0;13,0;49,0;0
2023-01-16;17,0;17,0;63,0;0
2023-01-17;16,0;16,0;64,0;0
2023-01-18;18,0;18,0;72,0;0
2023-01-19;17,0;17,0;58,0;0
2023-01-20;14,0;14,0;51,0;0
2023-01-21;14,0;14,0;51,0;0
2023-01-22;13,0;13,0;48,0;0
2023-01-23;13,0;13,0;55,0;0
2023-01-24;12,0;12,0;45,0;0
2023-01-25;9,0;9,0;48,0;0
2023-01-26;11,0;11,0;54,0;0
2023-01-27;13,0;13,0;62,0;0
2023-01-28;18,0;18,0;62,0;0
2023-01-29;12,0;12,0;56,0;0
2023-01-30;12,0;12,0;53,0;0
2023-01-31;12,0;12,0;52,0;0
2023-02-01;15,0;15,0;60,0;0
2023-02-02;19,0;19,0;67,0;0
2023-02-03;24,0;24,0;84,0;0
2023-02-04;17,0;17,0;64,0;0
2023-02-05;15,0;15,0;49,0;0
2023-02-06;47,0;47,0;93,0;0
2023-02-07;72,0;72,0;130,0;0
2023-02-08;56,0;56,0;116,0;0
2023-02-09;70,0;70,0;127,0;0
2023-02-10;68,0;68,0;127,0;0
2023-02-11;42,0;42,0;83,0;0
2023-02-12;31,0;31,0;71,0;0
2023-02-13;10,0;10,0;44,0;0
2023-02-14;11,0;11,0;55,0;0
2023-02-15;14,0;14,0;69,0;0
2023-02-16;14,0;14,0;64,0;0
2023-02-17;14,0;14,0;61,0;0
2023-02-18;16,0;16,0;70,0;0
2023-02-19;11,0;11,0;43,0;0
2023-02-20;16,0;16,0;60,0;0
2023-02-21;26,0;26,0;77,0;0
2023-02-22;25,0;25,0;82,0;0
2023-02-23;22,0;22,0;80,0;0
2023-02-24;20,0;20,0;73,0;0
2023-02-25;15,0;15,0;58,0;0
2023-02-26;14,0;14,0;51,0;0
2023-02-27;15,0;15,0;65,0;0
2023-02-28;15,0;15,0;66,0;0
2023-03-01;17,0;17,0;76,0;0
2023-03-02;13,0;13,0;74,0;0
2023-03-03;14,0;14,0;65,0;0
2023-03-04;16,0;16,0;67,0;0
2023-03-05;15,0;15,0;59,0;0
2023-03-06;15,0;15,0;63,0;0
2023-03-07;15,0;15,0;64,0;0
2023-03-08;11,0;11,0;48,0;0
2023-03-09;9,0;9,0;51,0;0
2023-03-10;10,0;10,0;53,0;0
2023-03-11;9,0;9,0;43,0;0
2023-03-12;8,0;8,0;35,0;0
2023-03-13;9,0;9,0;45,0;0
2023-03-14;10,0;10,0;46,0;0
2023-03-15;11,0;11,0;53,0;0
2023-03-16;12,0;12,0;55,0;0
2023-03-17;12,0;12,0;55,0;0
2023-03-18;11,0;11,0;65,0;0
2023-03-19;12,0;12,0;59,0;0
2023-03-20;12,0;12,0;56,0;0
2023-03-21;15,11544513902107;;64,0;1
2023-03-22;17,0;17,0;74,0;0
2023-03-23;23,0;23,0;90,0;0
2023-03-24;23,0;23,0;83,0;0
2023-03-25;22,0;22,0;76,0;0
2023-03-26;17,0;17,0;63,0;0
2023-03-27;21,0;21,0;78,0;0
2023-03-28;18,0;18,0;74,0;0
2023-03-29;14,0;14,0;63,0;0
2023-03-30;19,0;19,0;82,0;0
2023-03-31;26,36664807263349;;91,0;1
2023-04-01;31,709818215381933;;86,0;1
2023-04-02;25,211085185130376;;69,0;1
2023-04-03;26,009959584519887;;82,0;1
2023-04-04;24,932636254501876;;79,0;1
2023-04-05;23,08123308877264;;74,0;1
2023-04-06;22,402632760487755;;77,0;1
2023-04-07;19,0;19,0;75,0;0
2023-04-08;16,0;16,0;61,0;0
2023-04-09;20,0;20,0;64,0;0
2023-04-10;19,0;19,0;77,0;0
2023-04-11;19,0;19,0;80,0;0
2023-04-12;11,0;11,0;62,0;0
2023-04-13;10,0;10,0;50,0;0
2023-04-14;13,0;13,0;60,0;0
2023-04-15;20,0;20,0;63,0;0
2023-04-16;21,0;21,0;60,0;0
2023-04-17;18,0;18,0;65,0;0
2023-04-18;19,0;19,0;101,0;0
2023-04-19;30,0;30,0;130,0;0
2023-04-20;21,0;21,0;101,0;0
2023-04-21;15,0;15,0;66,0;0
2023-04-22;28,0;28,0;86,0;0
2023-04-23;21,0;21,0;58,0;0
2023-04-24;25,0;25,0;75,0;0
2023-04-25;26,0;26,0;101,0;0
2023-04-26;40,0;40,0;155,0;0
2023-04-27;43,0;43,0;110,0;0
2023-04-28;34,0;34,0;95,0;0
2023-04-29;11,0;11,0;32,0;0
2023-04-30;7,0;7,0;21,0;0
2023-05-01;20,0;20,0;43,0;0
2023-05-02;28,0;28,0;75,0;0
2023-05-03;34,0;34,0;94,0;0
2023-05-04;41,0;41,0;98,0;0
2023-05-05;50,0;50,0;115,0;0
2023-05-06;52,0;52,0;102,0;0
2023-05-07;78,0;78,0;142,0;0
2023-05-08;61,0;61,0;140,0;0
2023-05-09;45,0;45,0;135,0;0
2023-05-10;50,0;50,0;165,0;0
2023-05-11;39,0;39,0;122,0;0
2023-05-12;31,0;31,0;118,0;0
2023-05-13;42,0;42,0;124,0;0
2023-05-14;40,0;40,0;109,0;0
2023-05-15;35,0;35,0;73,0;0
2023-05-16;34,0;34,0;75,0;0
2023-05-17;14,0;14,0;42,0;0
2023-05-18;26,0;26,0;71,0;0
2023-05-19;29,0;29,0;80,0;0
2023-05-20;43,0;43,0;95,0;0
2023-05-21;40,0;40,0;83,0;0
2023-05-22;26,0;26,0;74,0;0
2023-05-23;40,0;40,0;107,0;0
2023-05-24;32,0;32,0;86,0;0
2023-05-25;46,0;46,0;111,0;0
2023-05-26;25,0;25,0;67,0;0
2023-05-27;33,0;33,0;83,0;0
2023-05-28;63,0;63,0;114,0;0
2023-05-29;63,0;63,0;132,0;0
2023-05-30;64,0;64,0;139,0;0
2023-05-31;67,0;67,0;160,0;0
2023-06-01;45,0;45,0;129,0;0
2023-06-02;35,0;35,0;94,0;0
2023-06-03;31,0;31,0;73,0;0
2023-06-04;43,0;43,0;95,0;0
2023-06-05;45,0;45,0;133,0;0
2023-06-06;52,0;52,0;161,0;0
2023-06-07;57,0;57,0;158,0;0
2023-06-08;27,0;27,0;67,0;0
2023-06-09;10,0;10,0;21,0;0
2023-06-10;13,0;13,0;29,0;0
2023-06-11;32,0;32,0;56,0;0
2023-06-12;57,0;57,0;113,0;0
2023-06-13;52,0;52,0;129,0;0
2023-06-14;44,0;44,0;122,0;0
2023-06-15;51,0;51,0;132,0;0
2023-06-16;50,0;50,0;163,0;0
2023-06-17;55,0;55,0;147,0;0
2023-06-18;43,0;43,0;87,0;0
2023-06-19;42,0;42,0;94,0;0
2023-06-20;39,0;39,0;101,0;0
2023-06-21;35,0;35,0;77,0;0
2023-06-22;17,0;17,0;30,0;0
2023-06-23;15,0;15,0;29,0;0
2023-06-24;16,0;16,0;36,0;0
2023-06-25;24,0;24,0;47,0;0
2023-06-26;18,0;18,0;43,0;0
2023-06-27;17,0;17,0;85,0;0
2023-06-28;47,0;47,0;154,0;0
2023-06-29;51,0;51,0;164,0;0
2023-06-30;48,0;48,0;150,0;0
2023-07-01;40,0;40,0;104,0;0
2023-07-02;35,0;35,0;64,0;0
2023-07-03;46,0;46,0;103,0;0
2023-07-04;29,0;29,0;95,0;0
2023-07-05;22,0;22,0;70,0;0
2023-07-06;27,0;27,0;96,0;0
2023-07-07;43,0;43,0;116,0;0
2023-07-08;37,0;37,0;86,0;0
2023-07-09;38,0;38,0;87,0;0
2023-07-10;33,0;33,0;79,0;0
2023-07-11;27,0;27,0;67,0;0
2023-07-12;6,0;6,0;27,0;0
2023-07-13;31,0;31,0;126,0;0
2023-07-14;44,0;44,0;133,0;0
2023-07-15;43,0;43,0;108,0;0
2023-07-16;69,0;69,0;137,0;0
2023-07-17;68,0;68,0;181,0;0
2023-07-18;61,0;61,0;182,0;0
2023-07-19;43,0;43,0;160,0;0
2023-07-20;47,0;47,0;149,0;0
2023-07-21;22,0;22,0;67,0;0
2023-07-22;10,0;10,0;23,0;0
2023-07-23;31,0;31,0;68,0;0
2023-07-24;47,0;47,0;117,0;0
2023-07-25;33,0;33,0;92,0;0
2023-07-26;32,0;32,0;94,0;0
2023-07-27;44,0;44,0;146,0;0
2023-07-28;55,0;55,0;160,0;0
2023-07-29;41,0;41,0;119,0;0
2023-07-30;47,0;47,0;128,0;0
2023-07-31;46,0;46,0;123,0;0
2023-08-01;41,0;41,0;113,0;0
2023-08-02;41,0;41,0;129,0;0
2023-08-03;39,0;39,0;123,0;0
2023-08-04;36,0;36,0;119,0;0
2023-08-05;23,0;23,0;49,0;0
2023-08-06;24,0;24,0;61,0;0
2023-08-07;36,0;36,0;100,0;0
2023-08-08;47,0;47,0;121,0;0
2023-08-09;50,0;50,0;122,0;0
2023-08-10;6,0;6,0;24,0;0
2023-08-11;18,0;18,0;61,0;0
2023-08-12;32,0;32,0;98,0;0
2023-08-13;34,0;34,0;98,0;0
2023-08-14;26,0;26,0;84,0;0
2023-08-15;22,0;22,0;44,0;0
2023-08-16;15,0;15,0;49,0;0
2023-08-17;11,0;11,0;38,0;0
2023-08-18;19,0;19,0;65,0;0
2023-08-19;18,0;18,0;36,0;0
2023-08-20;15,0;15,0;29,0;0
2023-08-21;11,0;11,0;49,0;0
2023-08-22;3,0;3,0;22,0;0
2023-08-23;5,0;5,0;11,0;0
2023-08-24;15,0;15,0;40,0;0
2023-08-25;16,0;16,0;57,0;0
2023-08-26;32,0;32,0;89,0;0
2023-08-27;30,0;30,0;75,0;0
2023-08-28;21,0;21,0;80,0;0
2023-08-29;18,0;18,0;71,0;0
2023-08-30;15,0;15,0;57,0;0
2023-08-31;26,0;26,0;88,0;0
2023-09-01;24,0;24,0;86,0;0
2023-09-02;24,0;24,0;58,0;0
2023-09-03;16,0;16,0;42,0;0
2023-09-04;14,0;14,0;44,0;0
2023-09-05;41,0;41,0;102,0;0
2023-09-06;20,0;20,0;32,0;0
2023-09-07;11,0;11,0;34,0;0
2023-09-08;16,0;16,0;46,0;0
2023-09-09;20,0;20,0;64,0;0
2023-09-10;33,0;33,0;84,0;0
2023-09-11;6,0;6,0;16,0;0
2023-09-12;9,0;9,0;33,0;0
2023-09-13;18,0;18,0;64,0;0
2023-09-14;26,0;26,0;88,0;0
2023-09-15;24,0;24,0;84,0;0
2023-09-16;6,0;6,0;26,0;0
2023-09-17;13,0;13,0;25,0;0
2023-09-18;31,0;31,0;60,0;0
2023-09-19;38,0;38,0;86,0;0
2023-09-20;23,0;23,0;60,0;0
2023-09-21;14,0;14,0;49,0;0
2023-09-22;15,0;15,0;58,0;0
2023-09-23;27,0;27,0;68,0;0
2023-09-24;22,0;22,0;57,0;0
2023-09-25;13,0;13,0;48,0;0
2023-09-26;7,0;7,0;31,0;0
2023-09-27;16,0;16,0;60,0;0
2023-09-28;17,0;17,0;59,0;0
2023-09-29;24,0;24,0;80,0;0
2023-09-30;24,0;24,0;74,0;0
2023-10-01;16,0;16,0;29,0;0
2023-10-02;9,0;9,0;26,0;0
2023-10-03;8,0;8,0;26,0;0
2023-10-04;11,0;11,0;42,0;0
2023-10-05;11,0;11,0;45,0;0
2023-10-06;18,0;18,0;48,0;0
2023-10-07;20,0;20,0;54,0;0
2023-10-08;17,0;17,0;52,0;0
2023-10-09;17,0;17,0;53,0;0
2023-10-10;16,0;16,0;59,0;0
2023-10-11;15,0;15,0;58,0;0
2023-10-12;17,0;17,0;62,0;0
2023-10-13;19,0;19,0;74,0;0
2023-10-14;16,0;16,0;57,0;0
2023-10-15;16,0;16,0;54,0;0
2023-10-16;10,0;10,0;47,0;0
2023-10-17;16,0;16,0;68,0;0
2023-10-18;12,0;12,0;44,0;0
2023-10-19;19,0;19,0;74,0;0
2023-10-20;23,0;23,0;82,0;0
2023-10-21;25,0;25,0;62,0;0
2023-10-22;25,0;25,0;57,0;0
2023-10-23;13,0;13,0;37,0;0
2023-10-24;17,0;17,0;58,0;0
2023-10-25;15,0;15,0;59,0;0
2023-10-26;14,0;14,0;60,0;0
2023-10-27;8,0;8,0;30,0;0
2023-10-28;11,0;11,0;42,0;0
2023-10-29;4,0;4,0;14,0;0
2023-10-30;7,0;7,0;29,0;0
2023-10-31;10,0;10,0;39,0;0
2023-11-01;7,0;7,0;27,0;0
2023-11-02;10,0;10,0;30,0;0
2023-11-03;10,0;10,0;41,0;0
2023-11-04;16,0;16,0;58,0;0
2023-11-05;11,0;11,0;41,0;0
2023-11-06;9,0;9,0;48,0;0
2023-11-07;6,0;6,0;34,0;0
2023-11-08;7,0;7,0;50,0;0
2023-11-09;11,0;11,0;59,0;0
2023-11-10;6,0;6,0;20,0;0
2023-11-11;7,0;7,0;28,0;0
2023-11-12;9,0;9,0;28,0;0
2023-11-13;7,0;7,0;33,0;0
2023-11-14;9,0;9,0;47,0;0
2023-11-15;8,0;8,0;43,0;0
2023-11-16;9,0;9,0;44,0;0
2023-11-17;8,0;8,0;41,0;0
2023-11-18;15,0;15,0;50,0;0
2023-11-19;14,0;14,0;40,0;0
2023-11-20;7,0;7,0;;0
2023-11-21;5,0;5,0;40,0;0
2023-11-22;9,0;9,0;45,0;0
2023-11-23;10,0;10,0;51,0;0
2023-11-24;11,0;11,0;58,0;0
2023-11-25;17,0;17,0;52,0;0
2023-11-26;13,0;13,0;45,0;0
2023-11-27;8,0;8,0;38,0;0
2023-11-28;10,0;10,0;39,0;0
2023-11-29;8,0;8,0;43,0;0
2023-11-30;11,0;11,0;59,0;0
2023-12-01;7,0;7,0;36,0;0
2023-12-02;6,0;6,0;38,0;0
2023-12-03;7,0;7,0;40,0;0
2023-12-04;12,0;12,0;52,0;0
2023-12-05;9,0;9,0;47,0;0
2023-12-06;12,0;12,0;50,0;0
2023-12-07;42,0;42,0;89,0;0
2023-12-08;34,0;34,0;71,0;0
2023-12-09;11,0;11,0;46,0;0
2023-12-10;22,10239233476466;;78,0;1
2023-12-11;12,236711115516481;;59,0;1
2023-12-12;9,0;9,0;50,0;0
2023-12-13;9,0;9,0;53,0;0
2023-12-14;11,0;11,0;64,0;0
2023-12-15;13,0;13,0;62,0;0
2023-12-16;5,0;5,0;31,0;0
2023-12-17;4,0;4,0;24,0;0
2023-12-18;5,0;5,0;40,0;0
2023-12-19;35,0;35,0;84,0;0
2023-12-20;33,0;33,0;82,0;0
2023-12-21;23,0;23,0;75,0;0
2023-12-22;14,0;14,0;61,0;0
2023-12-23;10,0;10,0;51,0;0
2023-12-24;11,0;11,0;42,0;0
2023-12-25;12,0;12,0;42,0;0
2023-12-26;15,0;15,0;63,0;0
2023-12-27;13,0;13,0;49,0;0
2023-12-28;12,0;12,0;44,0;0
2023-12-29;16,0;16,0;54,0;0
2023-12-30;9,0;9,0;31,0;0
2023-12-31;9,0;9,0;30,0;0
2024-01-01;8,0;8,0;34,0;0
2024-01-02;13,0;13,0;49,0;0
2024-01-03;16,0;16,0;62,0;0
2024-01-04;17,0;17,0;66,0;0
2024-01-05;12,0;12,0;52,0;0
2024-01-06;11,0;11,0;42,0;0
2024-01-07;7,0;7,0;33,0;0
2024-01-08;9,0;9,0;45,0;0
2024-01-09;9,0;9,0;50,0;0
2024-01-10;12,0;12,0;57,0;0
2024-01-11;14,0;14,0;66,0;0
2024-01-12;15,0;15,0;68,0;0
2024-01-13;13,0;13,0;49,0;0
2024-01-14;10,0;10,0;41,0;0
2024-01-15;9,0;9,0;56,0;0
2024-01-16;10,0;10,0;49,0;0
2024-01-17;14,0;14,0;68,0;0
2024-01-18;14,0;14,0;59,0;0
2024-01-19;15,0;15,0;68,0;0
2024-01-20;18,0;18,0;63,0;0
2024-01-21;18,0;18,0;60,0;0
2024-01-22;20,0;20,0;73,0;0
2024-01-23;18,0;18,0;68,0;0
2024-01-24;17,0;17,0;71,0;0
2024-01-25;17,0;17,0;74,0;0
2024-01-26;13,0;13,0;52,0;0
2024-01-27;14,0;14,0;48,0;0
2024-01-28;15,0;15,0;49,0;0
2024-01-29;14,0;14,0;57,0;0
2024-01-30;18,0;18,0;70,0;0
2024-01-31;20,0;20,0;76,0;0
2024-02-01;20,571603183252478;;75,0;1
2024-02-02;18,59961413960971;;73,0;1
2024-02-03;17,0;17,0;68,0;0
2024-02-04;29,0;29,0;83,0;0
2024-02-05;21,0;21,0;63,0;0
2024-02-06;19,0;19,0;69,0;0
2024-02-07;15,0;15,0;61,0;0
2024-02-08;11,0;11,0;55,0;0
2024-02-09;10,0;10,0;52,0;0
2024-02-10;14,0;14,0;56,0;0
2024-02-11;10,0;10,0;46,0;0
2024-02-12;13,0;13,0;61,0;0
2024-02-13;13,0;13,0;70,0;0
2024-02-14;14,0;14,0;63,0;0
2024-02-15;14,0;14,0;59,0;0
2024-02-16;14,0;14,0;60,0;0
2024-02-17;14,0;14,0;56,0;0
2024-02-18;12,0;12,0;53,0;0
2024-02-19;15,0;15,0;57,0;0
2024-02-20;11,0;11,0;50,0;0
2024-02-21;9,0;9,0;44,0;0
2024-02-22;6,0;6,0;26,0;0
2024-02-23;11,0;11,0;36,0;0
2024-02-24;9,0;9,0;37,0;0
2024-02-25;11,0;11,0;40,0;0
2024-02-26;15,0;15,0;58,0;0
2024-02-27;11,0;11,0;56,0;0
2024-02-28;10,0;10,0;62,0;0
2024-02-29;8,0;8,0;63,0;0
2024-03-01;12,0;12,0;72,0;0
2024-03-02;12,0;12,0;64,0;0
2024-03-03;9,0;9,0;56,0;0
2024-03-04;12,0;12,0;61,0;0
2024-03-05;12,0;12,0;68,0;0
2024-03-06;17,0;17,0;74,0;0
2024-03-07;10,0;10,0;58,0;0
2024-03-08;7,0;7,0;55,0;0
2024-03-09;8,0;8,0;51,0;0
2024-03-10;11,0;11,0;54,0;0
2024-03-11;10,0;10,0;56,0;0
2024-03-12;5,0;5,0;47,0;0
2024-03-13;7,0;7,0;51,0;0
2024-03-14;8,0;8,0;66,0;0
2024-03-15;13,0;13,0;73,0;0
2024-03-16;13,0;13,0;63,0;0
2024-03-17;12,0;12,0;60,0;0
2024-03-18;15,0;15,0;67,0;0
2024-03-19;16,0;16,0;86,0;0
2024-03-20;10,0;10,0;55,0;0
2024-03-21;16,0;16,0;77,0;0
2024-03-22;11,0;11,0;65,0;0
2024-03-23;9,0;9,0;56,0;0
2024-03-24;8,0;8,0;43,0;0
2024-03-25;8,0;8,0;51,0;0
2024-03-26;15,0;15,0;67,0;0
2024-03-27;13,0;13,0;75,0;0
2024-03-28;15,0;15,0;65,0;0
2024-03-29;20,0;20,0;60,0;0
2024-03-30;16,0;16,0;56,0;0
2024-03-31;10,0;10,0;54,0;0
2024-04-01;12,3010749251977;;54,0;1
2024-04-02;27,201055698169892;;85,0;1
2024-04-03;26,12373236815188;;82,0;1
2024-04-04;25,43391601253349;;80,0;1
2024-04-05;22,436096943359544;;81,0;1
2024-04-06;15,0;15,0;74,0;0
2024-04-07;19,0;19,0;67,0;0
2024-04-08;17,0;17,0;64,0;0
2024-04-09;22,0;22,0;88,0;0
2024-04-10;22,0;22,0;76,0;0
2024-04-11;15,0;15,0;76,0;0
2024-04-12;14,0;14,0;72,0;0
2024-04-13;15,0;15,0;60,0;0
2024-04-14;13,0;13,0;49,0;0
2024-04-15;9,0;9,0;35,0;0
2024-04-16;18,0;18,0;73,0;0
2024-04-17;22,0;22,0;99,0;0
2024-04-18;20,0;20,0;93,0;0
2024-04-19;22,0;22,0;95,0;0
2024-04-20;28,0;28,0;97,0;0
2024-04-21;18,0;18,0;65,0;0
2024-04-22;13,0;13,0;58,0;0
2024-04-23;15,0;15,0;69,0;0
2024-04-24;18,0;18,0;75,0;0
2024-04-25;16,0;16,0;64,0;0
2024-04-26;12,0;12,0;52,0;0
2024-04-27;11,0;11,0;51,0;0
2024-04-28;20,0;20,0;67,0;0
2024-04-29;11,0;11,0;46,0;0
2024-04-30;9,0;9,0;32,0;0
2024-05-01;13,0;13,0;31,0;0
2024-05-02;16,0;16,0;52,0;0
2024-05-03;21,0;21,0;59,0;0
2024-05-04;21,0;21,0;59,0;0
2024-05-05;32,0;32,0;82,0;0
2024-05-06;19,0;19,0;60,0;0
2024-05-07;9,0;9,0;29,0;0
2024-05-08;17,0;17,0;46,0;0
2024-05-09;29,0;29,0;74,0;0
2024-05-10;30,0;30,0;85,0;0
2024-05-11;39,0;39,0;88,0;0
2024-05-12;29,0;29,0;56,0;0
2024-05-13;32,0;32,0;68,0;0
2024-05-14;40,0;40,0;113,0;0
2024-05-15;33,0;33,0;91,0;0
2024-05-16;31,0;31,0;84,0;0
2024-05-17;32,0;32,0;97,0;0
2024-05-18;38,0;38,0;92,0;0
2024-05-19;48,0;48,0;110,0;0
2024-05-20;34,0;34,0;68,0;0
2024-05-21;15,0;15,0;27,0;0
2024-05-22;15,0;15,0;27,0;0
2024-05-23;12,0;12,0;39,0;0
2024-05-24;36,0;36,0;108,0;0
2024-05-25;31,0;31,0;74,0;0
2024-05-26;23,0;23,0;44,0;0
2024-05-27;37,0;37,0;101,0;0
2024-05-28;34,0;34,0;97,0;0
2024-05-29;53,0;53,0;145,0;0
2024-05-30;55,0;55,0;150,0;0
2024-05-31;44,0;44,0;124,0;0
2024-06-01;49,0;49,0;115,0;0
2024-06-02;64,0;64,0;147,0;0
2024-06-03;44,0;44,0;121,0;0
2024-06-04;60,0;60,0;162,0;0
2024-06-05;56,0;56,0;149,0;0
2024-06-06;63,0;63,0;180,0;0
2024-06-07;56,0;56,0;164,0;0
2024-06-08;28,0;28,0;79,0;0
2024-06-09;9,0;9,0;19,0;0
2024-06-10;27,0;27,0;70,0;0
2024-06-11;41,0;41,0;125,0;0
2024-06-12;31,0;31,0;93,0;0
2024-06-13;5,0;5,0;13,0;0
2024-06-14;11,0;11,0;31,0;0
2024-06-15;31,0;31,0;74,0;0
2024-06-16;40,0;40,0;81,0;0
2024-06-17;44,0;44,0;95,0;0
2024-06-18;8,0;8,0;14,0;0
2024-06-19;11,0;11,0;36,0;0
2024-06-20;24,0;24,0;66,0;0
2024-06-21;9,0;9,0;21,0;0
2024-06-22;5,0;5,0;9,0;0
2024-06-23;10,0;10,0;19,0;0
2024-06-24;14,0;14,0;36,0;0
2024-06-25;17,0;17,0;50,0;0
2024-06-26;42,0;42,0;120,0;0
2024-06-27;31,0;31,0;93,0;0
2024-06-28;37,0;37,0;105,0;0
2024-06-29;72,0;72,0;156,0;0
2024-06-30;57,0;57,0;123,0;0
2024-07-01;37,0;37,0;106,0;0
2024-07-02;33,0;33,0;113,0;0
2024-07-03;34,0;34,0;101,0;0
2024-07-04;28,0;28,0;79,0;0
2024-07-05;57,0;57,0;141,0;0
2024-07-06;56,0;56,0;119,0;0
2024-07-07;61,0;61,0;113,0;0
2024-07-08;59,0;59,0;127,0;0
2024-07-09;43,0;43,0;96,0;0
2024-07-10;28,0;28,0;69,0;0
2024-07-11;56,0;56,0;121,0;0
2024-07-12;50,0;50,0;115,0;0
2024-07-13;81,0;81,0;150,0;0
2024-07-14;77,0;77,0;134,0;0
2024-07-15;67,0;67,0;145,0;0
2024-07-16;62,0;62,0;139,0;0
2024-07-17;43,0;43,0;114,0;0
2024-07-18;42,0;42,0;101,0;0
2024-07-19;39,0;39,0;91,0;0
2024-07-20;53,0;53,0;102,0;0
2024-07-21;34,0;34,0;78,0;0
2024-07-22;39,0;39,0;103,0;0
2024-07-23;29,0;29,0;71,0;0
2024-07-24;41,0;41,0;102,0;0
2024-07-25;36,0;36,0;98,0;0
2024-07-26;48,0;48,0;110,0;0
2024-07-27;38,0;38,0;85,0;0
2024-07-28;58,0;58,0;115,0;0
2024-07-29;52,0;52,0;131,0;0
2024-07-30;50,0;50,0;162,0;0
2024-07-31;48,0;48,0;123,0;0
2024-08-01;22,0;22,0;68,0;0
2024-08-02;18,546743509819947;;;1
2024-08-03;13,0;13,0;36,0;0
2024-08-04;32,0;32,0;73,0;0
2024-08-05;15,0;15,0;41,0;0
2024-08-06;6,0;6,0;16,0;0
2024-08-07;17,0;17,0;45,0;0
2024-08-08;36,0;36,0;95,0;0
2024-08-09;35,0;35,0;98,0;0
2024-08-10;35,0;35,0;100,0;0
2024-08-11;41,0;41,0;104,0;0
2024-08-12;36,0;36,0;99,0;0
2024-08-13;32,0;32,0;95,0;0
2024-08-14;38,0;38,0;97,0;0
2024-08-15;36,037500907951895;;;1
2024-08-16;30,798234072634163;;;1
2024-08-17;29,69010703137842;;;1
2024-08-18;28,877940405140915;;;1
2024-08-19;27,0;27,0;62,0;0
2024-08-20;22,233554123308355;;;1
2024-08-21;18,0;18,0;50,0;0
2024-08-22;21,655169543048117;;;1
2024-08-23;29,941991670661768;;;1
2024-08-24;28,82948751060385;;;1
2024-08-25;29,313714043518797;;;1
2024-08-26;27,129034689889576;;;1
2024-08-27;21,216630040849704;;;1
2024-08-28;19,0;19,0;62,0;0
2024-08-29;16,0;16,0;38,0;0
2024-08-30;13,0;13,0;46,0;0
2024-08-31;31,0;31,0;83,0;0
2024-09-01;29,0;29,0;71,0;0
2024-09-02;9,0;9,0;35,0;0
2024-09-03;14,0;14,0;59,0;0
2024-09-04;21,0;21,0;96,0;0
2024-09-05;25,0;25,0;97,0;0
2024-09-06;19,0;19,0;79,0;0
2024-09-07;16,0;16,0;51,0;0
2024-09-08;24,0;24,0;71,0;0
2024-09-09;23,0;23,0;81,0;0
2024-09-10;12,0;12,0;49,0;0
2024-09-11;13,0;13,0;;0
2024-09-12;17,0;17,0;67,0;0
2024-09-13;16,0;16,0;74,0;0
2024-09-14;26,0;26,0;94,0;0
2024-09-15;19,0;19,0;91,0;0
2024-09-16;20,0;20,0;83,0;0
2024-09-17;15,0;15,0;66,0;0
2024-09-18;31,0;31,0;106,0;0
2024-09-19;6,0;6,0;30,0;0
2024-09-20;22,0;22,0;64,0;0
2024-09-21;10,0;10,0;26,0;0
2024-09-22;10,0;10,0;31,0;0
2024-09-23;7,0;7,0;27,0;0
2024-09-24;11,0;11,0;38,0;0
2024-09-25;13,0;13,0;45,0;0
2024-09-26;20,0;20,0;80,0;0
2024-09-27;22,0;22,0;75,0;0
2024-09-28;16,0;16,0;68,0;0
2024-09-29;15,0;15,0;47,0;0
2024-09-30;9,0;9,0;37,0;0
2024-10-01;10,0;10,0;34,0;0
2024-10-02;16,0;16,0;52,0;0
2024-10-03;18,0;18,0;73,0;0
2024-10-04;18,0;18,0;84,0;0
2024-10-05;15,0;15,0;55,0;0
2024-10-06;13,0;13,0;52,0;0
2024-10-07;13,0;13,0;35,0;0
2024-10-08;5,0;5,0;15,0;0
2024-10-09;13,0;13,0;37,0;0
2024-10-10;15,0;15,0;53,0;0
2024-10-11;12,0;12,0;40,0;0
2024-10-12;18,0;18,0;44,0;0
2024-10-13;15,0;15,0;37,0;0
2024-10-14;13,0;13,0;50,0;0
2024-10-15;18,0;18,0;68,0;0
2024-10-16;11,0;11,0;50,0;0
2024-10-17;15,0;15,0;56,0;0
2024-10-18;16,0;16,0;59,0;0
2024-10-19;14,0;14,0;57,0;0
2024-10-20;4,0;4,0;14,0;0
2024-10-21;6,0;6,0;31,0;0
2024-10-22;10,0;10,0;45,0;0
2024-10-23;6,0;6,0;24,0;0
2024-10-24;8,0;8,0;37,0;0
2024-10-25;10,0;10,0;40,0;0
2024-10-26;13,0;13,0;51,0;0
2024-10-27;13,0;13,0;46,0;0
2024-10-28;17,0;17,0;61,0;0
2024-10-29;14,0;14,0;58,0;0
2024-10-30;15,0;15,0;51,0;0
2024-10-31;12,0;12,0;42,0;0
2024-11-01;9,0;9,0;24,0;0
2024-11-02;7,0;7,0;29,0;0
2024-11-03;6,0;6,0;32,0;0
2024-11-04;9,0;9,0;38,0;0
2024-11-05;11,0;11,0;48,0;0
2024-11-06;13,0;13,0;54,0;0
2024-11-07;13,0;13,0;59,0;0
2024-11-08;13,0;13,0;59,0;0
2024-11-09;10,0;10,0;56,0;0
2024-11-10;5,0;5,0;25,0;0
2024-11-11;6,0;6,0;39,0;0
2024-11-12;10,0;10,0;56,0;0
2024-11-13;16,0;16,0;79,0;0
2024-11-14;15,0;15,0;63,0;0
2024-11-15;12,0;12,0;53,0;0
2024-11-16;13,0;13,0;46,0;0
2024-11-17;12,0;12,0;42,0;0
2024-11-18;11,0;11,0;49,0;0
2024-11-19;11,0;11,0;49,0;0
2024-11-20;12,0;12,0;54,0;0
2024-11-21;11,0;11,0;58,0;0
2024-11-22;7,0;7,0;42,0;0
2024-11-23;6,0;6,0;39,0;0
2024-11-24;4,0;4,0;29,0;0
2024-11-25;6,0;6,0;39,0;0
2024-11-26;7,0;7,0;43,0;0
2024-11-27;8,0;8,0;47,0;0
2024-11-28;7,0;7,0;41,0;0
2024-11-29;8,289000089076183;;;1
2024-11-30;8,0;8,0;46,0;0
2024-12-01;6,0;6,0;25,0;0
2024-12-02;8,0;8,0;43,0;0
2024-12-03;11,0;11,0;54,0;0
2024-12-04;17,0;17,0;58,0;0
2024-12-05;9,0;9,0;36,0;0
2024-12-06;7,0;7,0;41,0;0
2024-12-07;11,0;11,0;49,0;0
2024-12-08;7,0;7,0;32,0;0
2024-12-09;12,0;12,0;49,0;0
2024-12-10;14,0;14,0;61,0;0
2024-12-11;14,0;14,0;60,0;0
2024-12-12;9,0;9,0;44,0;0
2024-12-13;14,0;14,0;59,0;0
2024-12-14;12,0;12,0;53,0;0
2024-12-15;12,0;12,0;46,0;0
2024-12-16;11,0;11,0;53,0;0
2024-12-17;12,0;12,0;49,0;0
2024-12-18;12,0;12,0;48,0;0
2024-12-19;16,0;16,0;61,0;0
2024-12-20;21,0;21,0;73,0;0
2024-12-21;17,0;17,0;53,0;0
2024-12-22;18,0;18,0;54,0;0
2024-12-23;15,0;15,0;63,0;0
2024-12-24;12,0;12,0;51,0;0
2024-12-25;11,0;11,0;42,0;0
2024-12-26;12,0;12,0;46,0;0
2024-12-27;10,0;10,0;46,0;0
2024-12-28;10,0;10,0;40,0;0
2024-12-29;12,0;12,0;39,0;0
2024-12-30;14,0;14,0;52,0;0
2024-12-31;11,0;11,0;47,0;0
2025-01-01;11,0;11,0;43,0;0
2025-01-02;9,0;9,0;46,0;0
2025-01-03;13,0;13,0;57,0;0
2025-01-04;12,0;12,0;48,0;0
2025-01-05;12,0;12,0;46,0;0
2025-01-06;11,0;11,0;49,0;0
2025-01-07;9,0;9,0;38,0;0
2025-01-08;11,0;11,0;44,0;0
2025-01-09;10,0;10,0;49,0;0
2025-01-10;11,0;11,0;52,0;0
2025-01-11;12,0;12,0;48,0;0
2025-01-12;11,0;11,0;43,0;0
2025-01-13;10,0;10,0;37,0;0
2025-01-14;10,0;10,0;46,0;0
2025-01-15;10,0;10,0;52,0;0
2025-01-16;6,0;6,0;32,0;0
2025-01-17;10,0;10,0;50,0;0
2025-01-18;8,0;8,0;41,0;0
2025-01-19;9,0;9,0;31,0;0
2025-01-20;11,0;11,0;55,0;0
2025-01-21;15,0;15,0;52,0;0
2025-01-22;9,0;9,0;42,0;0
2025-01-23;8,0;8,0;43,0;0
2025-01-24;11,0;11,0;49,0;0
2025-01-25;14,0;14,0;52,0;0
2025-01-26;16,0;16,0;50,0;0
2025-01-27;12,0;12,0;53,0;0
2025-01-28;11,0;11,0;51,0;0
2025-01-29;13,0;13,0;65,0;0
2025-01-30;16,0;16,0;62,0;0
2025-01-31;12,0;12,0;54,0;0
2025-02-01;10,0;10,0;42,0;0
2025-02-02;11,0;11,0;40,0;0
2025-02-03;9,0;9,0;45,0;0
2025-02-04;9,0;9,0;43,0;0
2025-02-05;10,0;10,0;48,0;0
2025-02-06;10,0;10,0;52,0;0
2025-02-07;15,0;15,0;64,0;0
2025-02-08;19,0;19,0;64,0;0
2025-02-09;19,0;19,0;66,0;0
2025-02-10;13,0;13,0;53,0;0
2025-02-11;18,0;18,0;51,0;0
2025-02-12;16,0;16,0;62,0;0
2025-02-13;20,0;20,0;65,0;0
2025-02-14;16,0;16,0;55,0;0
2025-02-15;10,0;10,0;43,0;0
2025-02-16;11,0;11,0;39,0;0
2025-02-17;13,0;13,0;51,0;0
2025-02-18;12,0;12,0;62,0;0
2025-02-19;14,0;14,0;63,0;0
2025-02-20;12,0;12,0;62,0;0
2025-02-21;12,0;12,0;62,0;0
2025-02-22;12,0;12,0;62,0;0
2025-02-23;8,0;8,0;45,0;0
2025-02-24;9,0;9,0;49,0;0
2025-02-25;9,176259079381609;;;1
2025-02-26;10,0;10,0;59,0;0
2025-02-27;15,0;15,0;72,0;0
2025-02-28;8,0;8,0;48,0;0
2025-03-01;7,0;7,0;36,0;0
2025-03-02;6,0;6,0;31,0;0
2025-03-03;6,0;6,0;40,0;0
2025-03-04;9,0;9,0;55,0;0
2025-03-05;9,0;9,0;55,0;0
2025-03-06;8,0;8,0;50,0;0
2025-03-07;6,0;6,0;41,0;0
2025-03-08;7,0;7,0;50,0;0
2025-03-09;10,0;10,0;47,0;0
2025-03-10;13,0;13,0;69,0;0
2025-03-11;11,0;11,0;62,0;0
2025-03-12;16,0;16,0;72,0;0
2025-03-13;15,0;15,0;74,0;0
2025-03-14;14,0;14,0;59,0;0
2025-03-15;13,0;13,0;49,0;0
2025-03-16;11,0;11,0;51,0;0
2025-03-17;14,0;14,0;66,0;0
2025-03-18;16,0;16,0;88,0;0
2025-03-19;13,0;13,0;71,0;0
2025-03-20;13,0;13,0;63,0;0
2025-03-21;15,0;15,0;72,0;0
2025-03-22;11,0;11,0;57,0;0
2025-03-23;15,0;15,0;53,0;0
2025-03-24;15,0;15,0;58,0;0
2025-03-25;14,0;14,0;65,0;0
2025-03-26;20,0;20,0;69,0;0
2025-03-27;18,0;18,0;60,0;0
2025-03-28;22,0;22,0;79,0;0
2025-03-29;22,0;22,0;;0
2025-03-30;5,0;5,0;;0
2025-03-31;13,0;13,0;;0
2025-04-01;16,410120769502868;;;1
2025-04-02;23,691377968493956;;76,0;1
2025-04-03;27,6472699086185;;86,0;1
2025-04-04;22,37841167602548;;80,0;1
2025-04-05;16,0;16,0;43,0;0
2025-04-06;13,0;13,0;37,0;0
2025-04-07;18,0;18,0;74,0;0
2025-04-08;21,0;21,0;84,0;0
2025-04-09;27,0;27,0;69,0;0
2025-04-10;17,0;17,0;56,0;0
2025-04-11;11,0;11,0;48,0;0
2025-04-12;21,0;21,0;66,0;0
2025-04-13;21,0;21,0;66,0;0
2025-04-14;11,0;11,0;48,0;0
2025-04-15;14,0;14,0;65,0;0
2025-04-16;14,0;14,0;67,0;0
2025-04-17;17,0;17,0;88,0;0
2025-04-18;25,0;25,0;78,0;0
2025-04-19;20,0;20,0;67,0;0
2025-04-20;21,0;21,0;62,0;0
2025-04-21;21,0;21,0;81,0;0
2025-04-22;20,0;20,0;84,0;0
2025-04-23;19,0;19,0;74,0;0
2025-04-24;11,0;11,0;45,0;0
2025-04-25;10,0;10,0;41,0;0
2025-04-26;14,0;14,0;42,0;0
2025-04-27;22,0;22,0;65,0;0
2025-04-28;18,0;18,0;73,0;0
2025-04-29;24,0;24,0;72,0;0
2025-04-30;30,0;30,0;66,0;0
2025-05-01;34,0;34,0;79,0;0
2025-05-02;36,0;36,0;111,0;0
2025-05-03;32,0;32,0;112,0;0
2025-05-04;27,0;27,0;82,0;0
2025-05-05;30,0;30,0;85,0;0
2025-05-06;43,0;43,0;121,0;0
2025-05-07;41,0;41,0;106,0;0
2025-05-08;15,0;15,0;24,0;0
2025-05-09;24,0;24,0;69,0;0
2025-05-10;36,0;36,0;114,0;0
2025-05-11;28,0;28,0;69,0;0
2025-05-12;35,0;35,0;81,0;0
2025-05-13;55,0;55,0;105,0;0
2025-05-14;42,0031563879469;;97,0;1
2025-05-15;47,50783221319864;;129,0;1
2025-05-16;38,29800225116411;;105,0;1
2025-05-17;33,58701606125456;;82,0;1
2025-05-18;27,941895592750033;;80,0;1
2025-05-19;16,0;16,0;44,0;0
2025-05-20;24,0;24,0;93,0;0
2025-05-21;24,0;24,0;69,0;0
2025-05-22;41,0;41,0;123,0;0
2025-05-23;47,0;47,0;124,0;0
2025-05-24;50,0;50,0;133,0;0
2025-05-25;34,0;34,0;81,0;0
2025-05-26;12,0;12,0;29,0;0
2025-05-27;7,0;7,0;26,0;0
2025-05-28;38,0;38,0;116,0;0
2025-05-29;34,0;34,0;107,0;0
2025-05-30;29,0;29,0;89,0;0
2025-05-31;46,0;46,0;114,0;0
2025-06-01;48,0;48,0;105,0;0
2025-06-02;47,0;47,0;134,0;0
2025-06-03;70,0;70,0;191,0;0
2025-06-04;63,0;63,0;155,0;0
2025-06-05;62,0;62,0;162,0;0
2025-06-06;46,0;46,0;108,0;0
2025-06-07;54,0;54,0;119,0;0
2025-06-08;70,0;70,0;144,0;0
2025-06-09;43,0;43,0;123,0;0
2025-06-10;34,0;34,0;130,0;0
2025-06-11;34,0;34,0;75,0;0
2025-06-12;18,0;18,0;44,0;0
2025-06-13;24,0;24,0;66,0;0
2025-06-14;31,0;31,0;77,0;0
2025-06-15;22,0;22,0;56,0;0
2025-06-16;7,0;7,0;21,0;0
2025-06-17;23,0;23,0;73,0;0
2025-06-18;34,0;34,0;107,0;0
2025-06-19;42,0;42,0;137,0;0
2025-06-20;40,0;40,0;104,0;0
2025-06-21;44,0;44,0;99,0;0
2025-06-22;17,0;17,0;31,0;0
2025-06-23;26,0;26,0;65,0;0
2025-06-24;31,0;31,0;79,0;0
2025-06-25;27,0;27,0;66,0;0
2025-06-26;36,0;36,0;92,0;0
2025-06-27;47,0;47,0;113,0;0
2025-06-28;44,0;44,0;94,0;0
2025-06-29;48,0;48,0;95,0;0
2025-06-30;52,0;52,0;128,0;0
2025-07-01;54,0;54,0;163,0;0
2025-07-02;51,0;51,0;169,0;0
2025-07-03;40,0;40,0;156,0;0
2025-07-04;35,0;35,0;111,0;0
2025-07-05;32,0;32,0;64,0;0
2025-07-06;17,0;17,0;49,0;0
2025-07-07;25,0;25,0;77,0;0
2025-07-08;35,0;35,0;93,0;0
2025-07-09;35,0;35,0;70,0;0
2025-07-10;53,0;53,0;120,0;0
2025-07-11;61,0;61,0;161,0;0
2025-07-12;65,0;65,0;152,0;0
2025-07-13;65,0;65,0;109,0;0
2025-07-14;57,0;57,0;109,0;0
2025-07-15;59,0;59,0;126,0;0
2025-07-16;51,0;51,0;110,0;0
2025-07-17;51,0;51,0;158,0;0
2025-07-18;39,0;39,0;138,0;0
2025-07-19;42,0;42,0;114,0;0
2025-07-20;48,0;48,0;114,0;0
2025-07-21;49,0;49,0;131,0;0
2025-07-22;51,0;51,0;159,0;0
2025-07-23;45,0;45,0;120,0;0
2025-07-24;33,0;33,0;86,0;0
2025-07-25;43,0;43,0;122,0;0
2025-07-26;53,0;53,0;119,0;0
2025-07-27;54,0;54,0;99,0;0
2025-07-28;50,0;50,0;136,0;0
2025-07-29;44,0;44,0;148,0;0
2025-07-30;30,0;30,0;99,0;0
2025-07-31;13,0;13,0;43,0;0
2025-08-01;6,0;6,0;13,0;0
2025-08-02;10,0;10,0;22,0;0
2025-08-03;35,0;35,0;73,0;0
2025-08-04;34,0;34,0;108,0;0
2025-08-05;31,0;31,0;104,0;0
2025-08-06;24,0;24,0;80,0;0
2025-08-07;29,0;29,0;73,0;0
2025-08-08;43,0;43,0;119,0;0
2025-08-09;21,0;21,0;40,0;0
2025-08-10;38,0;38,0;80,0;0
2025-08-11;40,0;40,0;117,0;0
2025-08-12;31,0;31,0;102,0;0
2025-08-13;42,0;42,0;131,0;0
2025-08-14;30,0;30,0;88,0;0
2025-08-15;10,0;10,0;21,0;0
2025-08-16;15,0;15,0;41,0;0
2025-08-17;17,0;17,0;43,0;0
2025-08-18;23,0;23,0;53,0;0
2025-08-19;14,0;14,0;41,0;0
2025-08-20;14,0;14,0;47,0;0
2025-08-21;4,0;4,0;21,0;0
2025-08-22;4,0;4,0;9,0;0
2025-08-23;19,0;19,0;40,0;0
2025-08-24;24,0;24,0;64,0;0
2025-08-25;26,0;26,0;89,0;0
2025-08-26;31,0;31,0;109,0;0
2025-08-27;32,0;32,0;90,0;0
2025-08-28;26,0;26,0;48,0;0
2025-08-29;14,0;14,0;30,0;0
2025-08-30;18,0;18,0;36,0;0
2025-08-31;25,0;25,0;49,0;0
2025-09-01;29,0;29,0;68,0;0
2025-09-02;16,0;16,0;42,0;0
2025-09-03;20,0;20,0;59,0;0
2025-09-04;32,0;32,0;103,0;0
2025-09-05;30,0;30,0;102,0;0
2025-09-06;25,0;25,0;52,0;0
2025-09-07;17,0;17,0;34,0;0
2025-09-08;14,0;14,0;52,0;0
2025-09-09;16,0;16,0;64,0;0
2025-09-10;12,0;12,0;56,0;0
2025-09-11;22,0;22,0;90,0;0
2025-09-12;26,0;26,0;96,0;0
2025-09-13;10,0;10,0;40,0;0
2025-09-14;13,0;13,0;41,0;0
2025-09-15;21,0;21,0;85,0;0
2025-09-16;25,0;25,0;76,0;0
2025-09-17;22,0;22,0;53,0;0
2025-09-18;23,0;23,0;54,0;0
2025-09-19;14,0;14,0;53,0;0
2025-09-20;7,0;7,0;19,0;0
2025-09-21;5,0;5,0;9,0;0
2025-09-22;11,0;11,0;45,0;0
2025-09-23;20,0;20,0;68,0;0
2025-09-24;21,0;21,0;70,0;0
2025-09-25;17,0;17,0;62,0;0
2025-09-26;11,0;11,0;31,0;0
2025-09-27;16,0;16,0;42,0;0
2025-09-28;21,0;21,0;50,0;0
2025-09-29;10,0;10,0;35,0;0
2025-09-30;15,0;15,0;50,0;0
2025-10-01;20,0;20,0;72,0;0
2025-10-02;21,0;21,0;74,0;0
2025-10-03;18,0;18,0;76,0;0
2025-10-04;6,0;6,0;22,0;0
2025-10-05;5,0;5,0;12,0;0
2025-10-06;10,0;10,0;36,0;0
2025-10-07;15,0;15,0;49,0;0
2025-10-08;16,0;16,0;54,0;0
2025-10-09;18,0;18,0;60,0;0
2025-10-10;17,0;17,0;69,0;0
2025-10-11;8,0;8,0;37,0;0
2025-10-12;12,0;12,0;43,0;0
2025-10-13;14,0;14,0;52,0;0
2025-10-14;15,0;15,0;62,0;0
2025-10-15;16,0;16,0;53,0;0
2025-10-16;15,0;15,0;57,0;0
2025-10-17;16,0;16,0;67,0;0
2025-10-18;18,0;18,0;63,0;0
2025-10-19;16,0;16,0;52,0;0
2025-10-20;15,0;15,0;57,0;0
2025-10-21;15,0;15,0;64,0;0
2025-10-22;15,0;15,0;63,0;0
2025-10-23;12,0;12,0;57,0;0
2025-10-24;11,0;11,0;50,0;0
2025-10-25;9,0;9,0;36,0;0
2025-10-26;12,0;12,0;40,0;0
2025-10-27;10,0;10,0;44,0;0
2025-10-28;14,0;14,0;52,0;0
2025-10-29;16,0;16,0;52,0;0
2025-10-30;12,0;12,0;50,0;0
2025-10-31;12,0;12,0;48,0;0
2025-11-01;9,0;9,0;27,0;0
2025-11-02;12,0;12,0;43,0;0
2025-11-03;11,0;11,0;40,0;0
2025-11-04;10,0;10,0;36,0;0
2025-11-05;11,0;11,0;42,0;0
2025-11-06;10,0;10,0;29,0;0
2025-11-07;9,0;9,0;28,0;0
2025-11-08;13,0;13,0;44,0;0
2025-11-09;11,0;11,0;31,0;0
2025-11-10;11,0;11,0;41,0;0
2025-11-11;9,0;9,0;37,0;0
2025-11-12;13,0;13,0;49,0;0
2025-11-13;15,0;15,0;60,0;0
2025-11-14;17,0;17,0;61,0;0
2025-11-15;14,0;14,0;38,0;0
2025-11-16;11,0;11,0;30,0;0
2025-11-17;13,0;13,0;49,0;0
2025-11-18;16,0;16,0;67,0;0
2025-11-19;12,0;12,0;67,0;0
2025-11-20;13,0;13,0;54,0;0
2025-11-21;16,0;16,0;58,0;0
2025-11-22;17,0;17,0;55,0;0
2025-11-23;16,0;16,0;49,0;0
2025-11-24;16,0;16,0;52,0;0
2025-11-25;19,0;19,0;53,0;0
2025-11-26;15,0;15,0;41,0;0
2025-11-27;13,0;13,0;51,0;0
2025-11-28;9,0;9,0;39,0;0
2025-11-29;8,0;8,0;29,0;0
2025-11-30;13,0;13,0;31,0;0
2025-12-01;10,0;10,0;43,0;0
2025-12-02;11,0;11,0;45,0;0
2025-12-03;13,0;13,0;60,0;0
2025-12-04;12,0;12,0;56,0;0
2025-12-05;15,0;15,0;47,0;0
2025-12-06;17,0;17,0;51,0;0
2025-12-07;12,0;12,0;28,0;0
2025-12-08;12,0;12,0;34,0;0
2025-12-09;17,0;17,0;48,0;0
2025-12-10;13,0;13,0;44,0;0
2025-12-11;12,0;12,0;34,0;0
2025-12-12;13,0;13,0;43,0;0
2025-12-13;9,0;9,0;34,0;0
2025-12-14;8,0;8,0;26,0;0
2025-12-15;10,0;10,0;40,0;0
2025-12-16;32,0;32,0;76,0;0
2025-12-17;31,0;31,0;80,0;0
2025-12-18;16,0;16,0;54,0;0
2025-12-19;14,0;14,0;48,0;0
2025-12-20;10,0;10,0;31,0;0
2025-12-21;8,0;8,0;25,0;0
2025-12-22;11,0;11,0;39,0;0
2025-12-23;16,0;16,0;49,0;0
2025-12-24;18,0;18,0;50,0;0
2025-12-25;13,0;13,0;42,0;0
2025-12-26;13,0;13,0;45,0;0
2025-12-27;14,0;14,0;43,0;0
2025-12-28;14,0;14,0;37,0;0
2025-12-29;19,0;19,0;56,0;0
2025-12-30;18,0;18,0;56,0;0
2025-12-31;20,0;20,0;57,0;0
2026-01-01;25,0;25,0;51,0;0
2026-01-02;15,0;15,0;48,0;0
2026-01-03;11,0;11,0;37,0;0
2026-01-04;11,0;11,0;29,0;0
2026-01-05;11,0;11,0;31,0;0
2026-01-06;11,0;11,0;39,0;0
2026-01-07;14,0;14,0;52,0;0
2026-01-08;14,0;14,0;51,0;0
2026-01-09;17,0;17,0;49,0;0
2026-01-10;22,0;22,0;51,0;0
2026-01-11;17,0;17,0;46,0;0
2026-01-12;18,0;18,0;54,0;0
2026-01-13;14,0;14,0;51,0;0
2026-01-14;13,0;13,0;60,0;0
2026-01-15;14,0;14,0;45,0;0
2026-01-16;19,0;19,0;59,0;0
2026-01-17;19,0;19,0;53,0;0
2026-01-18;24,0;24,0;69,0;0
2026-01-19;28,0;28,0;87,0;0
2026-01-20;33,0;33,0;84,0;0
2026-01-21;21,0;21,0;68,0;0
2026-01-22;22,0;22,0;58,0;0
2026-01-23;28,0;28,0;64,0;0
2026-01-24;22,0;22,0;51,0;0
2026-01-25;12,0;12,0;36,0;0
2026-01-26;10,0;10,0;28,0;0
2026-01-27;10,0;10,0;35,0;0
2026-01-28;14,0;14,0;50,0;0
2026-01-29;17,0;17,0;58,0;0
2026-01-30;10,0;10,0;39,0;0
2026-01-31;11,0;11,0;28,0;0
2026-02-01;15,0;15,0;28,0;0
2026-02-02;11,0;11,0;31,0;0
2026-02-03;10,0;10,0;29,0;0
2026-02-04;10,0;10,0;32,0;0
2026-02-05;9,0;9,0;33,0;0
2026-02-06;11,0;11,0;42,0;0
2026-02-07;12,0;12,0;49,0;0
2026-02-08;11,0;11,0;41,0;0
2026-02-09;7,0;7,0;34,0;0
2026-02-10;6,0;6,0;38,0;0
2026-02-11;12,0;12,0;46,0;0
2026-02-12;14,0;14,0;57,0;0
2026-02-13;13,0;13,0;56,0;0
2026-02-14;9,0;9,0;44,0;0
2026-02-15;10,0;10,0;33,0;0
2026-02-16;12,0;12,0;49,0;0
2026-02-17;13,0;13,0;52,0;0
2026-02-18;11,0;11,0;56,0;0
2026-02-19;12,0;12,0;54,0;0
2026-02-20;13,0;13,0;64,0;0
2026-02-21;13,0;13,0;55,0;0
2026-02-22;16,0;16,0;49,0;0
2026-02-23;16,0;16,0;66,0;0
2026-02-24;15,0;15,0;59,0;0
2026-02-25;12,0;12,0;56,0;0
2026-02-26;13,0;13,0;56,0;0
2026-02-27;11,0;11,0;56,0;0
2026-02-28;10,0;10,0;46,0;0
2026-03-01;9,0;9,0;35,0;0
2026-03-02;7,0;7,0;35,0;0
2026-03-03;12,0;12,0;59,0;0
2026-03-04;13,0;13,0;69,0;0
2026-03-05;16,0;16,0;76,0;0
2026-03-06;18,0;18,0;84,0;0
2026-03-07;13,0;13,0;55,0;0
2026-03-08;11,0;11,0;39,0;0
2026-03-09;13,0;13,0;64,0;0
2026-03-10;15,0;15,0;69,0;0
2026-03-11;17,0;17,0;76,0;0
2026-03-12;20,0;20,0;102,0;0
2026-03-13;22,0;22,0;116,0;0
2026-03-14;19,0;19,0;122,0;0
2026-03-15;16,0;16,0;94,0;0
2026-03-16;11,0;11,0;;0
2026-03-17;9,0;9,0;47,0;0
2026-03-18;14,0;14,0;63,0;0
2026-03-19;11,0;11,0;53,0;0
2026-03-20;7,0;7,0;28,0;0
2026-03-21;10,0;10,0;20,0;0
2026-03-22;11,0;11,0;24,0;0
2026-03-23;15,0;15,0;39,0;0
2026-03-24;15,0;15,0;50,0;0
2026-03-25;15,0;15,0;48,0;0
2026-03-26;16,0;16,0;56,0;0
2026-03-27;18,0;18,0;65,0;0
2026-03-28;23,0;23,0;60,0;0
2026-03-29;17,0;17,0;52,0;0
2026-03-30;19,0;19,0;57,0;0
2026-03-31;21,0;21,0;61,0;0
2026-04-01;19,0;19,0;57,0;0
2026-04-02;21,020267576693517;;72,0;1
2026-04-03;21,481649558233176;;70,0;1
2026-04-04;26,065147867768022;;71,0;1
2026-04-05;19,56739746159541;;54,0;1
2026-04-06;13,720468108521288;;49,0;1
2026-04-07;19,0;19,0;80,0;0
2026-04-08;20,0;20,0;72,0;0
2026-04-09;21,0;21,0;73,0;0
2026-04-10;18,0;18,0;51,0;0
2026-04-11;17,0;17,0;55,0;0
2026-04-12;17,0;17,0;60,0;0
2026-04-13;20,0;20,0;67,0;0
2026-04-14;19,0;19,0;62,0;0
2026-04-15;27,0;27,0;94,0;0
2026-04-16;22,0;22,0;88,0;0
2026-04-17;14,0;14,0;66,0;0
2026-04-18;7,0;7,0;37,0;0
2026-04-19;8,0;8,0;35,0;0
2026-04-20;12,0;12,0;24,0;0
2026-04-21;22,0;22,0;57,0;0
2026-04-22;22,0;22,0;61,0;0
2026-04-23;23,0;23,0;75,0;0
2026-04-24;24,0;24,0;70,0;0
2026-04-25;29,0;29,0;71,0;0
2026-04-26;25,0;25,0;68,0;0
2026-04-27;20,0;20,0;67,0;0
2026-04-28;16,0;16,0;59,0;0
2026-04-29;16,0;16,0;66,0;0
2026-04-30;20,0;20,0;74,0;0
2026-05-01;28,0;28,0;54,0;0
2026-05-02;41,0;41,0;89,0;0
2026-05-03;23,0;23,0;65,0;0
2026-05-04;23,0;23,0;90,0;0
2026-05-05;22,0;22,0;92,0;0
2026-05-06;9,0;9,0;33,0;0
2026-05-07;10,0;10,0;31,0;0
2026-05-08;17,0;17,0;48,0;0
2026-05-09;33,0;33,0;82,0;0
2026-05-10;37,0;37,0;97,0;0
2026-05-11;29,0;29,0;88,0;0
2026-05-12;30,0;30,0;66,0;0
2026-05-13;53,0;53,0;107,0;0
2026-05-14;65,0;65,0;154,0;0
2026-05-15;47,0;47,0;116,0;0
2026-05-16;49,0;49,0;93,0;0
2026-05-17;50,0;50,0;111,0;0
2026-05-18;30,0;30,0;104,0;0
2026-05-19;39,0;39,0;125,0;0
2026-05-20;60,0;60,0;152,0;0
2026-05-21;52,0;52,0;80,0;0
2026-05-22;61,0;61,0;102,0;0
2026-05-23;56,0;56,0;86,0;0
2026-05-24;91,0;91,0;137,0;0
2026-05-25;57,0;57,0;131,0;0
2026-05-26;28,0;28,0;97,0;0
2026-05-27;36,0;36,0;103,0;0
2026-05-28;41,0;41,0;120,0;0
2026-05-29;59,0;59,0;161,0;0
2026-05-30;53,0;53,0;129,0;0
2026-05-31;38,0;38,0;67,0;0
2026-06-01;51,0;51,0;103,0;0
2026-06-02;69,0;69,0;150,0;0
2026-06-03;57,0;57,0;151,0;0
2026-06-04;39,0;39,0;123,0;0
2026-06-05;44,0;44,0;101,0;0
2026-06-06;55,0;55,0;113,0;0
2026-06-07;67,0;67,0;136,0;0
2026-06-08;45,0;45,0;109,0;0
2026-06-09;24,0;24,0;70,0;0
2026-06-10;23,0;23,0;56,0;0
2026-06-11;30,0;30,0;88,0;0
2026-06-12;44,0;44,0;125,0;0
2026-06-13;57,0;57,0;145,0;0
2026-06-14;83,0;83,0;166,0;0
2026-06-15;66,0;66,0;155,0;0
2026-06-16;73,0;73,0;196,0;0
2026-06-17;47,0;47,0;105,0;0
2026-06-18;26,0;26,0;58,0;0
2026-06-19;34,0;34,0;95,0;0
2026-06-20;29,0;29,0;69,0;0
2026-06-21;17,0;17,0;37,0;0
2026-06-22;29,0;29,0;72,0;0
2026-06-23;29,0;29,0;89,0;0
2026-06-24;53,0;53,0;151,0;0
2026-06-25;40,0;40,0;131,0;0
2026-06-26;37,0;37,0;111,0;0
2026-06-27;42,0;42,0;94,0;0
2026-06-28;47,0;47,0;97,0;0
2026-06-29;42,0;42,0;95,0;0
2026-06-30;36,0;36,0;94,0;0
2026-07-01;21,0;21,0;61,0;0
2026-07-02;39,0;39,0;111,0;0
2026-07-03;51,0;51,0;117,0;0
2026-07-04;37,0;37,0;87,0;0
2026-07-05;30,0;30,0;61,0;0
2026-07-06;39,0;39,0;117,0;0
2026-07-07;38,0;38,0;135,0;0
2026-07-08;43,0;43,0;148,0;0
2026-07-09;62,0;62,0;203,0;0
2026-07-10;40,0;40,0;112,0;0
2026-07-11;37,0;37,0;89,0;0
2026-07-12;47,0;47,0;117,0;0
2026-07-13;32,0;32,0;79,0;0
2026-07-14;29,0;29,0;89,0;0
2026-07-15;23,0;23,0;91,0;0
2026-07-16;6,0;6,0;30,0;0
2026-07-17;4,0;4,0;10,0;0
2026-07-18;7,0;7,0;18,0;0
2026-07-19;25,0;25,0;60,0;0
2026-07-20;12,0;12,0;24,0;0
2026-07-21;13,0;13,0;22,0;0
2026-07-22;21,0;21,0;73,0;0
2026-07-23;15,0;15,0;48,0;0
2026-07-24;30,0;30,0;85,0;0
2026-07-25;28,0;28,0;53,0;0
2026-07-26;24,0;24,0;56,0;0
2026-07-27;9,0;9,0;35,0;0
2026-07-28;6,0;6,0;30,0;0
2026-07-29;26,0;26,0;110,0;0
2026-07-30;17,0;17,0;70,0;0
2026-07-31;12,0;12,0;43,0;0
2026-08-01;29,0;29,0;80,0;0
2026-08-02;10,0;10,0;29,0;0
2026-08-03;25,0;25,0;84,0;0
2026-08-04;26,0;26,0;107,0;0
2026-08-05;34,0;34,0;116,0;0
2026-08-06;8,0;8,0;32,0;0
2026-08-07;16,0;16,0;49,0;0
2026-08-08;5,0;5,0;24,0;0
2026-08-09;14,0;14,0;43,0;0
2026-08-10;19,0;19,0;64,0;0
2026-08-11;32,0;32,0;92,0;0
2026-08-12;47,0;47,0;119,0;0
2026-08-13;40,0;40,0;116,0;0
2026-08-14;14,0;14,0;54,0;0
2026-08-15;11,0;11,0;24,0;0
2026-08-16;15,0;15,0;29,0;0
2026-08-17;12,0;12,0;31,0;0
2026-08-18;18,0;18,0;59,0;0
2026-08-19;18,0;18,0;66,0;0
2026-08-20;29,0;29,0;102,0;0
2026-08-21;37,0;37,0;137,0;0
2026-08-22;30,0;30,0;101,0;0
2026-08-23;31,0;31,0;89,0;0
2026-08-24;32,0;32,0;86,0;0
2026-08-25;11,0;11,0;51,0;0
2026-08-26;8,0;8,0;25,0;0
2026-08-27;10,0;10,0;30,0;0
2026-08-28;9,0;9,0;45,0;0
2026-08-29;13,0;13,0;57,0;0
2026-08-30;14,0;14,0;50,0;0
2026-08-31;6,0;6,0;35,0;0
2026-09-01;17,0;17,0;87,0;0
2026-09-02;15,0;15,0;75,0;0
2026-09-03;7,0;7,0;50,0;0
2026-09-04;12,0;12,0;62,0;0
2026-09-05;23,0;23,0;80,0;0
2026-09-06;22,0;22,0;69,0;0
2026-09-07;10,0;10,0;73,0;0
2026-09-08;12,0;12,0;63,0;0
2026-09-09;11,0;11,0;65,0;0
2026-09-10;17,0;17,0;88,0;0
2026-09-11;19,90938505999511;;;1
