FECHA (YYMMDD);HORA (HHMM);Registros validados;Registros preliminares;Registros no validados;
200101;0000;15;;;
200102;0000;14;;;
200103;0000;16;;;
200104;0000;15;;;
200105;0000;14;;;
200106;0000;15;;;
200107;0000;13;;;
200108;0000;8;;;
200109;0000;11;;;
200110;0000;13;;;
200111;0000;14;;;
200112;0000;13;;;
200113;0000;14;;;
200114;0000;14;;;
200115;0000;13;;;
200116;0000;22;;;
200117;0000;22;;;
200118;0000;22;;;
200119;0000;17;;;
200120;0000;18;;;
200121;0000;17;;;
200122;0000;15;;;
200123;0000;12;;;
200124;0000;12;;;
200125;0000;15;;;
200126;0000;15;;;
200127;0000;13;;;
200128;0000;17;;;
200129;0000;10;;;
200130;0000;16;;;
200131;0000;17;;;
200201;0000;15;;;
200202;0000;12;;;
200203;0000;8;;;
200204;0000;8;;;
200205;0000;8;;;
200206;0000;10;;;
200207;0000;12;;;
200208;0000;14;;;
200209;0000;18;;;
200210;0000;17;;;
200211;0000;23;;;
200212;0000;21;;;
200213;0000;15;;;
200214;0000;24;;;
200215;0000;19;;;
200216;0000;16;;;
200217;0000;10;;;
200218;0000;14;;;
200219;0000;18;;;
200220;0000;23;;;
200221;0000;19;;;
200222;0000;17;;;
200223;0000;15;;;
200224;0000;15;;;
200225;0000;17;;;
200226;0000;20;;;
200227;0000;18;;;
200228;0000;23;;;
200229;0000;25;;;
200301;0000;15;;;
200302;0000;17;;;
200303;0000;21;;;
200304;0000;21;;;
200305;0000;24;;;
200306;0000;22;;;
200307;0000;19;;;
200308;0000;13;;;
200309;0000;19;;;
200310;0000;20;;;
200311;0000;19;;;
200312;0000;13;;;
200313;0000;11;;;
200314;0000;12;;;
200315;0000;13;;;
200316;0000;;;;
200317;0000;;;;
200318;0000;;;;
200319;0000;;;;
200320;0000;;;;
200321;0000;;;;
200322;0000;;;;
200323;0000;;;;
200324;0000;;;;
200325;0000;;;;
200326;0000;;;;
200327;0000;16;;;
200328;0000;22;;;
200329;0000;20;;;
200330;0000;23;;;
200331;0000;18;;;
200401;0000;16;;;
200402;0000;19;;;
200403;0000;30;;;
200404;0000;26;;;
200405;0000;16;;;
200406;0000;16;;;
200407;0000;17;;;
200408;0000;26;;;
200409;0000;25;;;
200410;0000;21;;;
200411;0000;21;;;
200412;0000;25;;;
200413;0000;22;;;
200414;0000;24;;;
200415;0000;27;;;
200416;0000;31;;;
200417;0000;31;;;
200418;0000;23;;;
200419;0000;17;;;
200420;0000;18;;;
200421;0000;18;;;
200422;0000;26;;;
200423;0000;23;;;
200424;0000;15;;;
200425;0000;17;;;
200426;0000;10;;;
200427;0000;7;;;
200428;0000;12;;;
200429;0000;20;;;
200430;0000;28;;;
200501;0000;32;;;
200502;0000;30;;;
200503;0000;28;;;
200504;0000;23;;;
200505;0000;23;;;
200506;0000;31;;;
200507;0000;28;;;
200508;0000;38;;;
200509;0000;33;;;
200510;0000;22;;;
200511;0000;25;;;
200512;0000;26;;;
200513;0000;38;;;
200514;0000;28;;;
200515;0000;27;;;
200516;0000;25;;;
200517;0000;21;;;
200518;0000;30;;;
200519;0000;31;;;
200520;0000;26;;;
200521;0000;18;;;
200522;0000;31;;;
200523;0000;33;;;
200524;0000;25;;;
200525;0000;26;;;
200526;0000;26;;;
200527;0000;35;;;
200528;0000;40;;;
200529;0000;43;;;
200530;0000;42;;;
200531;0000;46;;;
200601;0000;29;;;
200602;0000;38;;;
200603;0000;10;;;
200604;0000;23;;;
200605;0000;37;;;
200606;0000;35;;;
200607;0000;41;;;
200608;0000;42;;;
200609;0000;40;;;
200610;0000;45;;;
200611;0000;49;;;
200612;0000;19;;;
200613;0000;30;;;
200614;0000;24;;;
200615;0000;27;;;
200616;0000;39;;;
200617;0000;17;;;
200618;0000;33;;;
200619;0000;24;;;
200620;0000;28;;;
200621;0000;39;;;
200622;0000;35;;;
200623;0000;6;;;
200624;0000;6;;;
200625;0000;25;;;
200626;0000;25;;;
200627;0000;44;;;
200628;0000;33;;;
200629;0000;17;;;
200630;0000;20;;;
200701;0000;18;;;
200702;0000;32;;;
200703;0000;39;;;
200704;0000;12;;;
200705;0000;9;;;
200706;0000;25;;;
200707;0000;37;;;
200708;0000;24;;;
200709;0000;40;;;
200710;0000;51;;;
200711;0000;60;;;
200712;0000;59;;;
200713;0000;60;;;
200714;0000;37;;;
200715;0000;60;;;
200716;0000;58;;;
200717;0000;57;;;
200718;0000;45;;;
200719;0000;27;;;
200720;0000;13;;;
200721;0000;10;;;
200722;0000;14;;;
200723;0000;40;;;
200724;0000;25;;;
200725;0000;41;;;
200726;0000;71;;;
200727;0000;49;;;
200728;0000;49;;;
200729;0000;40;;;
200730;0000;32;;;
200731;0000;60;;;
200801;0000;44;;;
200802;0000;48;;;
200803;0000;41;;;
200804;0000;36;;;
200805;0000;15;;;
200806;0000;19;;;
200807;0000;46;;;
200808;0000;40;;;
200809;0000;31;;;
200810;0000;22;;;
200811;0000;22;;;
200812;0000;33;;;
200813;0000;36;;;
200814;0000;20;;;
200815;0000;39;;;
200816;0000;47;;;
200817;0000;26;;;
200818;0000;18;;;
200819;0000;28;;;
200820;0000;38;;;
200821;0000;33;;;
200822;0000;30;;;
200823;0000;15;;;
200824;0000;10;;;
200825;0000;12;;;
200826;0000;7;;;
200827;0000;14;;;
200828;0000;15;;;
200829;0000;12;;;
200830;0000;22;;;
200831;0000;20;;;
200901;0000;15;;;
200902;0000;27;;;
200903;0000;24;;;
200904;0000;28;;;
200905;0000;19;;;
200906;0000;24;;;
200907;0000;20;;;
200908;0000;20;;;
200909;0000;23;;;
200910;0000;16;;;
200911;0000;21;;;
200912;0000;41;;;
200913;0000;21;;;
200914;0000;22;;;
200915;0000;20;;;
200916;0000;26;;;
200917;0000;26;;;
200918;0000;24;;;
200919;0000;22;;;
200920;0000;19;;;
200921;0000;21;;;
200922;0000;19;;;
200923;0000;21;;;
200924;0000;22;;;
200925;0000;14;;;
200926;0000;7;;;
200927;0000;14;;;
200928;0000;16;;;
200929;0000;13;;;
200930;0000;9;;;
201001;0000;11;;;
201002;0000;11;;;
201003;0000;9;;;
201004;0000;6;;;
201005;0000;14;;;
201006;0000;14;;;
201007;0000;18;;;
201008;0000;14;;;
201009;0000;19;;;
201010;0000;14;;;
201011;0000;14;;;
201012;0000;15;;;
201013;0000;17;;;
201014;0000;21;;;
201015;0000;24;;;
201016;0000;18;;;
201017;0000;23;;;
201018;0000;20;;;
201019;0000;13;;;
201020;0000;12;;;
201021;0000;13;;;
201022;0000;18;;;
201023;0000;17;;;
201024;0000;12;;;
201025;0000;6;;;
201026;0000;15;;;
201027;0000;8;;;
201028;0000;11;;;
201029;0000;12;;;
201030;0000;16;;;
201031;0000;19;;;
201101;0000;13;;;
201102;0000;16;;;
201103;0000;17;;;
201104;0000;15;;;
201105;0000;12;;;
201106;0000;15;;;
201107;0000;14;;;
201108;0000;13;;;
201109;0000;14;;;
201110;0000;14;;;
201111;0000;14;;;
201112;0000;15;;;
201113;0000;12;;;
201114;0000;10;;;
201115;0000;8;;;
201116;0000;10;;;
201117;0000;13;;;
201118;0000;13;;;
201119;0000;11;;;
201120;0000;7;;;
201121;0000;7;;;
201122;0000;8;;;
201123;0000;8;;;
201124;0000;6;;;
201125;0000;10;;;
201126;0000;12;;;
201127;0000;17;;;
201128;0000;14;;;
201129;0000;9;;;
201130;0000;8;;;
201201;0000;11;;;
201202;0000;12;;;
201203;0000;9;;;
201204;0000;14;;;
201205;0000;15;;;
201206;0000;14;;;
201207;0000;12;;;
201208;0000;10;;;
201209;0000;9;;;
201210;0000;9;;;
201211;0000;10;;;
201212;0000;;;;
201213;0000;7;;;
201214;0000;9;;;
201215;0000;;;;
201216;0000;11;;;
201217;0000;14;;;
201218;0000;9;;;
201219;0000;9;;;
201220;0000;9;;;
201221;0000;10;;;
201222;0000;13;;;
201223;0000;16;;;
201224;0000;14;;;
201225;0000;12;;;
201226;0000;12;;;
201227;0000;9;;;
201228;0000;10;;;
201229;0000;10;;;
201230;0000;10;;;
201231;0000;14;;;
210101;0000;18;;;
210102;0000;11;;;
210103;0000;12;;;
210104;0000;11;;;
210105;0000;13;;;
210106;0000;15;;;
210107;0000;14;;;
210108;0000;12;;;
210109;0000;13;;;
210110;0000;5;;;
210111;0000;7;;;
210112;0000;9;;;
210113;0000;9;;;
210114;0000;13;;;
210115;0000;13;;;
210116;0000;10;;;
210117;0000;11;;;
210118;0000;16;;;
210119;0000;19;;;
210120;0000;17;;;
210121;0000;17;;;
210122;0000;17;;;
210123;0000;13;;;
210124;0000;13;;;
210125;0000;14;;;
210126;0000;13;;;
210127;0000;14;;;
210128;0000;11;;;
210129;0000;9;;;
210130;0000;6;;;
210131;0000;5;;;
210201;0000;7;;;
210202;0000;13;;;
210203;0000;14;;;
210204;0000;15;;;
210205;0000;15;;;
210206;0000;13;;;
210207;0000;16;;;
210208;0000;9;;;
210209;0000;11;;;
210210;0000;15;;;
210211;0000;12;;;
210212;0000;16;;;
210213;0000;13;;;
210214;0000;11;;;
210215;0000;12;;;
210216;0000;12;;;
210217;0000;10;;;
210218;0000;6;;;
210219;0000;8;;;
210220;0000;10;;;
210221;0000;9;;;
210222;0000;9;;;
210223;0000;11;;;
210224;0000;14;;;
210225;0000;16;;;
210226;0000;17;;;
210227;0000;18;;;
210228;0000;13;;;
210301;0000;13;;;
210302;0000;16;;;
210303;0000;16;;;
210304;0000;14;;;
210305;0000;14;;;
210306;0000;11;;;
210307;0000;11;;;
210308;0000;11;;;
210309;0000;12;;;
210310;0000;16;;;
210311;0000;13;;;
210312;0000;12;;;
210313;0000;12;;;
210314;0000;12;;;
210315;0000;;;4;
210316;0000;;;0;
210317;0000;;;;
210318;0000;;;;
210319;0000;;;;
210320;0000;7;;;
210321;0000;8;;;
210322;0000;8;;;
210323;0000;16;;;
210324;0000;18;;;
210325;0000;14;;;
210326;0000;17;;;
210327;0000;17;;;
210328;0000;17;;;
210329;0000;19;;;
210330;0000;18;;;
210331;0000;23;;;
210401;0000;31;;;
210402;0000;29;;;
210403;0000;26;;;
210404;0000;17;;;
210405;0000;18;;;
210406;0000;11;;;
210407;0000;10;;;
210408;0000;8;;;
210409;0000;10;;;
210410;0000;9;;;
210411;0000;16;;;
210412;0000;17;;;
210413;0000;19;;;
210414;0000;25;;;
210415;0000;23;;;
210416;0000;22;;;
210417;0000;17;;;
210418;0000;26;;;
210419;0000;21;;;
210420;0000;19;;;
210421;0000;7;;;
210422;0000;15;;;
210423;0000;17;;;
210424;0000;26;;;
210425;0000;26;;;
210426;0000;25;;;
210427;0000;25;;;
210428;0000;42;;;
210429;0000;35;;;
210430;0000;31;;;
210501;0000;40;;;
210502;0000;25;;;
210503;0000;12;;;
210504;0000;14;;;
210505;0000;22;;;
210506;0000;27;;;
210507;0000;19;;;
210508;0000;24;;;
210509;0000;25;;;
210510;0000;31;;;
210511;0000;37;;;
210512;0000;39;;;
210513;0000;63;;;
210514;0000;61;;;
210515;0000;74;;;
210516;0000;92;;;
210517;0000;55;;;
210518;0000;43;;;
210519;0000;46;;;
210520;0000;21;;;
210521;0000;9;;;
210522;0000;23;;;
210523;0000;30;;;
210524;0000;34;;;
210525;0000;29;;;
210526;0000;55;;;
210527;0000;37;;;
210528;0000;23;;;
210529;0000;33;;;
210530;0000;49;;;
210531;0000;26;;;
210601;0000;35;;;
210602;0000;37;;;
210603;0000;25;;;
210604;0000;28;;;
210605;0000;31;;;
210606;0000;33;;;
210607;0000;39;;;
210608;0000;39;;;
210609;0000;30;;;
210610;0000;32;;;
210611;0000;39;;;
210612;0000;42;;;
210613;0000;39;;;
210614;0000;50;;;
210615;0000;34;;;
210616;0000;34;;;
210617;0000;34;;;
210618;0000;45;;;
210619;0000;67;;;
210620;0000;78;;;
210621;0000;58;;;
210622;0000;31;;;
210623;0000;17;;;
210624;0000;34;;;
210625;0000;26;;;
210626;0000;13;;;
210627;0000;39;;;
210628;0000;38;;;
210629;0000;;;;
210630;0000;;;;
210701;0000;57;;;
210702;0000;47;;;
210703;0000;63;;;
210704;0000;76;;;
210705;0000;54;;;
210706;0000;39;;;
210707;0000;42;;;
210708;0000;47;;;
210709;0000;46;;;
210710;0000;73;;;
210711;0000;51;;;
210712;0000;40;;;
210713;0000;56;;;
210714;0000;73;;;
210715;0000;67;;;
210716;0000;43;;;
210717;0000;65;;;
210718;0000;40;;;
210719;0000;40;;;
210720;0000;48;;;
210721;0000;45;;;
210722;0000;67;;;
210723;0000;60;;;
210724;0000;38;;;
210725;0000;31;;;
210726;0000;13;;;
210727;0000;36;;;
210728;0000;43;;;
210729;0000;40;;;
210730;0000;53;;;
210731;0000;67;;;
210801;0000;59;;;
210802;0000;34;;;
210803;0000;44;;;
210804;0000;52;;;
210805;0000;51;;;
210806;0000;61;;;
210807;0000;44;;;
210808;0000;34;;;
210809;0000;28;;;
210810;0000;40;;;
210811;0000;41;;;
210812;0000;39;;;
210813;0000;71;;;
210814;0000;81;;;
210815;0000;57;;;
210816;0000;40;;;
210817;0000;23;;;
210818;0000;9;;;
210819;0000;7;;;
210820;0000;22;;;
210821;0000;20;;;
210822;0000;10;;;
210823;0000;12;;;
210824;0000;17;;;
210825;0000;12;;;
210826;0000;18;;;
210827;0000;34;;;
210828;0000;35;;;
210829;0000;32;;;
210830;0000;20;;;
210831;0000;26;;;
210901;0000;33;;;
210902;0000;26;;;
210903;0000;22;;;
210904;0000;14;;;
210905;0000;16;;;
210906;0000;7;;;
210907;0000;6;;;
210908;0000;12;;;
210909;0000;27;;;
210910;0000;33;;;
210911;0000;19;;;
210912;0000;4;;;
210913;0000;8;;;
210914;0000;18;;;
210915;0000;24;;;
210916;0000;24;;;
210917;0000;19;;;
210918;0000;18;;;
210919;0000;13;;;
210920;0000;16;;;
210921;0000;21;;;
210922;0000;14;;;
210923;0000;23;;;
210924;0000;23;;;
210925;0000;16;;;
210926;0000;15;;;
210927;0000;15;;;
210928;0000;15;;;
210929;0000;17;;;
210930;0000;8;;;
211001;0000;12;;;
211002;0000;7;;;
211003;0000;11;;;
211004;0000;16;;;
211005;0000;16;;;
211006;0000;18;;;
211007;0000;16;;;
211008;0000;10;;;
211009;0000;15;;;
211010;0000;10;;;
211011;0000;17;;;
211012;0000;15;;;
211013;0000;9;;;
211014;0000;7;;;
211015;0000;13;;;
211016;0000;15;;;
211017;0000;11;;;
211018;0000;16;;;
211019;0000;23;;;
211020;0000;17;;;
211021;0000;;;;
211022;0000;;;;
211023;0000;13;;;
211024;0000;13;;;
211025;0000;13;;;
211026;0000;15;;;
211027;0000;14;;;
211028;0000;16;;;
211029;0000;16;;;
211030;0000;16;;;
211031;0000;15;;;
211101;0000;15;;;
211102;0000;16;;;
211103;0000;10;;;
211104;0000;9;;;
211105;0000;13;;;
211106;0000;11;;;
211107;0000;12;;;
211108;0000;14;;;
211109;0000;10;;;
211110;0000;12;;;
211111;0000;13;;;
211112;0000;11;;;
211113;0000;6;;;
211114;0000;10;;;
211115;0000;8;;;
211116;0000;10;;;
211117;0000;12;;;
211118;0000;15;;;
211119;0000;13;;;
211120;0000;15;;;
211121;0000;13;;;
211122;0000;13;;;
211123;0000;14;;;
211124;0000;12;;;
211125;0000;12;;;
211126;0000;14;;;
211127;0000;9;;;
211128;0000;9;;;
211129;0000;9;;;
211130;0000;9;;;
211201;0000;10;;;
211202;0000;12;;;
211203;0000;13;;;
211204;0000;13;;;
211205;0000;15;;;
211206;0000;14;;;
211207;0000;13;;;
211208;0000;12;;;
211209;0000;16;;;
211210;0000;14;;;
211211;0000;10;;;
211212;0000;5;;;
211213;0000;10;;;
211214;0000;11;;;
211215;0000;11;;;
211216;0000;12;;;
211217;0000;11;;;
211218;0000;11;;;
211219;0000;14;;;
211220;0000;14;;;
211221;0000;18;;;
211222;0000;18;;;
211223;0000;13;;;
211224;0000;14;;;
211225;0000;;;;
211226;0000;;;;
211227;0000;;;;
211228;0000;16;;;
211229;0000;12;;;
211230;0000;14;;;
211231;0000;11;;;
220101;0000;9;;;
220102;0000;7;;;
220103;0000;9;;;
220104;0000;8;;;
220105;0000;11;;;
220106;0000;14;;;
220107;0000;15;;;
220108;0000;14;;;
220109;0000;9;;;
220110;0000;9;;;
220111;0000;12;;;
220112;0000;11;;;
220113;0000;10;;;
220114;0000;11;;;
220115;0000;10;;;
220116;0000;8;;;
220117;0000;6;;;
220118;0000;9;;;
220119;0000;9;;;
220120;0000;10;;;
220121;0000;8;;;
220122;0000;6;;;
220123;0000;8;;;
220124;0000;12;;;
220125;0000;10;;;
220126;0000;14;;;
220127;0000;12;;;
220128;0000;14;;;
220129;0000;12;;;
220130;0000;11;;;
220131;0000;13;;;
220201;0000;12;;;
220202;0000;13;;;
220203;0000;10;;;
220204;0000;9;;;
220205;0000;11;;;
220206;0000;13;;;
220207;0000;13;;;
220208;0000;14;;;
220209;0000;18;;;
220210;0000;18;;;
220211;0000;18;;;
220212;0000;29;;;
220213;0000;18;;;
220214;0000;18;;;
220215;0000;19;;;
220216;0000;16;;;
220217;0000;17;;;
220218;0000;24;;;
220219;0000;16;;;
220220;0000;9;;;
220221;0000;9;;;
220222;0000;8;;;
220223;0000;6;;;
220224;0000;12;;;
220225;0000;14;;;
220226;0000;10;;;
220227;0000;6;;;
220228;0000;10;;;
220301;0000;17;;;
220302;0000;17;;;
220303;0000;15;;;
220304;0000;12;;;
220305;0000;11;;;
220306;0000;8;;;
220307;0000;10;;;
220308;0000;12;;;
220309;0000;11;;;
220310;0000;14;;;
220311;0000;17;;;
220312;0000;22;;;
220313;0000;19;;;
220314;0000;22;;;
220315;0000;;;;
220316;0000;;;;
220317;0000;;;;
220318;0000;;;;
220319;0000;17;;;
220320;0000;17;;;
220321;0000;10;;;
220322;0000;12;;;
220323;0000;7;;;
220324;0000;12;;;
220325;0000;19;;;
220326;0000;18;;;
220327;0000;18;;;
220328;0000;17;;;
220329;0000;12;;;
220330;0000;15;;;
220331;0000;18;;;
220401;0000;22;;;
220402;0000;24;;;
220403;0000;13;;;
220404;0000;15;;;
220405;0000;18;;;
220406;0000;20;;;
220407;0000;20;;;
220408;0000;19;;;
220409;0000;11;;;
220410;0000;8;;;
220411;0000;10;;;
220412;0000;11;;;
220413;0000;21;;;
220414;0000;23;;;
220415;0000;17;;;
220416;0000;31;;;
220417;0000;35;;;
220418;0000;27;;;
220419;0000;29;;;
220420;0000;19;;;
220421;0000;26;;;
220422;0000;24;;;
220423;0000;22;;;
220424;0000;11;;;
220425;0000;8;;;
220426;0000;5;;;
220427;0000;14;;;
220428;0000;33;;;
220429;0000;41;;;
220430;0000;32;;;
220501;0000;38;;;
220502;0000;26;;;
220503;0000;39;;;
220504;0000;35;;;
220505;0000;39;;;
220506;0000;55;;;
220507;0000;45;;;
220508;0000;30;;;
220509;0000;42;;;
220510;0000;54;;;
220511;0000;56;;;
220512;0000;55;;;
220513;0000;51;;;
220514;0000;52;;;
220515;0000;53;;;
220516;0000;54;;;
220517;0000;67;;;
220518;0000;70;;;
220519;0000;35;;;
220520;0000;33;;;
220521;0000;38;;;
220522;0000;40;;;
220523;0000;21;;;
220524;0000;27;;;
220525;0000;36;;;
220526;0000;46;;;
220527;0000;77;;;
220528;0000;103;;;
220529;0000;60;;;
220530;0000;52;;;
220531;0000;52;;;
220601;0000;33;;;
220602;0000;30;;;
220603;0000;36;;;
220604;0000;14;;;
220605;0000;12;;;
220606;0000;27;;;
220607;0000;45;;;
220608;0000;42;;;
220609;0000;56;;;
220610;0000;68;;;
220611;0000;53;;;
220612;0000;73;;;
220613;0000;53;;;
220614;0000;49;;;
220615;0000;45;;;
220616;0000;37;;;
220617;0000;47;;;
220618;0000;74;;;
220619;0000;86;;;
220620;0000;75;;;
220621;0000;42;;;
220622;0000;42;;;
220623;0000;16;;;
220624;0000;35;;;
220625;0000;45;;;
220626;0000;64;;;
220627;0000;32;;;
220628;0000;30;;;
220629;0000;36;;;
220630;0000;35;;;
220701;0000;11;;;
220702;0000;25;;;
220703;0000;60;;;
220704;0000;57;;;
220705;0000;43;;;
220706;0000;37;;;
220707;0000;54;;;
220708;0000;41;;;
220709;0000;12;;;
220710;0000;7;;;
220711;0000;13;;;
220712;0000;27;;;
220713;0000;32;;;
220714;0000;9;;;
220715;0000;17;;;
220716;0000;19;;;
220717;0000;42;;;
220718;0000;44;;;
220719;0000;46;;;
220720;0000;44;;;
220721;0000;44;;;
220722;0000;54;;;
220723;0000;51;;;
220724;0000;44;;;
220725;0000;27;;;
220726;0000;26;;;
220727;0000;22;;;
220728;0000;30;;;
220729;0000;40;;;
220730;0000;36;;;
220731;0000;45;;;
220801;0000;43;;;
220802;0000;58;;;
220803;0000;41;;;
220804;0000;32;;;
220805;0000;45;;;
220806;0000;24;;;
220807;0000;8;;;
220808;0000;25;;;
220809;0000;40;;;
220810;0000;29;;;
220811;0000;34;;;
220812;0000;21;;;
220813;0000;36;;;
220814;0000;21;;;
220815;0000;6;;;
220816;0000;26;;;
220817;0000;18;;;
220818;0000;30;;;
220819;0000;46;;;
220820;0000;47;;;
220821;0000;39;;;
220822;0000;30;;;
220823;0000;53;;;
220824;0000;58;;;
220825;0000;52;;;
220826;0000;52;;;
220827;0000;34;;;
220828;0000;46;;;
220829;0000;27;;;
220830;0000;24;;;
220831;0000;21;;;
220901;0000;25;;;
220902;0000;47;;;
220903;0000;41;;;
220904;0000;38;;;
220905;0000;32;;;
220906;0000;32;;;
220907;0000;12;;;
220908;0000;9;;;
220909;0000;32;;;
220910;0000;35;;;
220911;0000;10;;;
220912;0000;26;;;
220913;0000;17;;;
220914;0000;27;;;
220915;0000;31;;;
220916;0000;20;;;
220917;0000;17;;;
220918;0000;8;;;
220919;0000;13;;;
220920;0000;9;;;
220921;0000;9;;;
220922;0000;16;;;
220923;0000;21;;;
220924;0000;11;;;
220925;0000;9;;;
220926;0000;13;;;
220927;0000;17;;;
220928;0000;17;;;
220929;0000;21;;;
220930;0000;31;;;
221001;0000;25;;;
221002;0000;23;;;
221003;0000;12;;;
221004;0000;11;;;
221005;0000;10;;;
221006;0000;15;;;
221007;0000;14;;;
221008;0000;5;;;
221009;0000;11;;;
221010;0000;11;;;
221011;0000;17;;;
221012;0000;16;;;
221013;0000;14;;;
221014;0000;15;;;
221015;0000;20;;;
221016;0000;15;;;
221017;0000;10;;;
221018;0000;10;;;
221019;0000;9;;;
221020;0000;11;;;
221021;0000;14;;;
221022;0000;13;;;
221023;0000;13;;;
221024;0000;13;;;
221025;0000;7;;;
221026;0000;9;;;
221027;0000;11;;;
221028;0000;13;;;
221029;0000;11;;;
221030;0000;4;;;
221031;0000;10;;;
221101;0000;12;;;
221102;0000;15;;;
221103;0000;16;;;
221104;0000;18;;;
221105;0000;13;;;
221106;0000;13;;;
221107;0000;15;;;
221108;0000;15;;;
221109;0000;9;;;
221110;0000;11;;;
221111;0000;6;;;
221112;0000;5;;;
221113;0000;7;;;
221114;0000;10;;;
221115;0000;13;;;
221116;0000;12;;;
221117;0000;14;;;
221118;0000;14;;;
221119;0000;11;;;
221120;0000;11;;;
221121;0000;11;;;
221122;0000;14;;;
221123;0000;17;;;
221124;0000;14;;;
221125;0000;14;;;
221126;0000;13;;;
221127;0000;13;;;
221128;0000;14;;;
221129;0000;13;;;
221130;0000;11;;;
221201;0000;12;;;
221202;0000;14;;;
221203;0000;13;;;
221204;0000;9;;;
221205;0000;10;;;
221206;0000;;;;
221207;0000;;;;
221208;0000;11;;;
221209;0000;7;;;
221210;0000;9;;;
221211;0000;11;;;
221212;0000;14;;;
221213;0000;12;;;
221214;0000;12;;;
221215;0000;27;;;
221216;0000;78;;;
221217;0000;16;;;
221218;0000;14;;;
221219;0000;10;;;
221220;0000;9;;;
221221;0000;9;;;
221222;0000;8;;;
221223;0000;7;;;
221224;0000;11;;;
221225;0000;11;;;
221226;0000;12;;;
221227;0000;13;;;
221228;0000;14;;;
221229;0000;16;;;
221230;0000;18;;;
221231;0000;15;;;
230101;0000;17;;;
230102;0000;10;;;
230103;0000;12;;;
230104;0000;16;;;
230105;0000;17;;;
230106;0000;13;;;
230107;0000;12;;;
230108;0000;9;;;
230109;0000;11;;;
230110;0000;9;;;
230111;0000;11;;;
230112;0000;9;;;
230113;0000;11;;;
230114;0000;10;;;
230115;0000;13;;;
230116;0000;17;;;
230117;0000;16;;;
230118;0000;18;;;
230119;0000;17;;;
230120;0000;14;;;
230121;0000;14;;;
230122;0000;13;;;
230123;0000;13;;;
230124;0000;12;;;
230125;0000;9;;;
230126;0000;11;;;
230127;0000;13;;;
230128;0000;18;;;
230129;0000;12;;;
230130;0000;12;;;
230131;0000;12;;;
230201;0000;15;;;
230202;0000;19;;;
230203;0000;24;;;
230204;0000;17;;;
230205;0000;15;;;
230206;0000;47;;;
230207;0000;72;;;
230208;0000;56;;;
230209;0000;70;;;
230210;0000;68;;;
230211;0000;42;;;
230212;0000;31;;;
230213;0000;10;;;
230214;0000;11;;;
230215;0000;14;;;
230216;0000;14;;;
230217;0000;14;;;
230218;0000;16;;;
230219;0000;11;;;
230220;0000;16;;;
230221;0000;26;;;
230222;0000;25;;;
230223;0000;22;;;
230224;0000;20;;;
230225;0000;15;;;
230226;0000;14;;;
230227;0000;15;;;
230228;0000;15;;;
230301;0000;17;;;
230302;0000;13;;;
230303;0000;14;;;
230304;0000;16;;;
230305;0000;15;;;
230306;0000;15;;;
230307;0000;15;;;
230308;0000;11;;;
230309;0000;9;;;
230310;0000;10;;;
230311;0000;9;;;
230312;0000;8;;;
230313;0000;9;;;
230314;0000;10;;;
230315;0000;11;;;
230316;0000;12;;;
230317;0000;12;;;
230318;0000;11;;;
230319;0000;12;;;
230320;0000;12;;;
230321;0000;;;;
230322;0000;17;;;
230323;0000;23;;;
230324;0000;23;;;
230325;0000;22;;;
230326;0000;17;;;
230327;0000;21;;;
230328;0000;18;;;
230329;0000;14;;;
230330;0000;19;;;
230331;0000;;;;
230401;0000;;;;
230402;0000;;;;
230403;0000;;;;
230404;0000;;;;
230405;0000;;;;
230406;0000;;;;
230407;0000;19;;;
230408;0000;16;;;
230409;0000;20;;;
230410;0000;19;;;
230411;0000;19;;;
230412;0000;11;;;
230413;0000;10;;;
230414;0000;13;;;
230415;0000;20;;;
230416;0000;21;;;
230417;0000;18;;;
230418;0000;19;;;
230419;0000;30;;;
230420;0000;21;;;
230421;0000;15;;;
230422;0000;28;;;
230423;0000;21;;;
230424;0000;25;;;
230425;0000;26;;;
230426;0000;40;;;
230427;0000;43;;;
230428;0000;34;;;
230429;0000;11;;;
230430;0000;7;;;
230501;0000;20;;;
230502;0000;28;;;
230503;0000;34;;;
230504;0000;41;;;
230505;0000;50;;;
230506;0000;52;;;
230507;0000;78;;;
230508;0000;61;;;
230509;0000;45;;;
230510;0000;50;;;
230511;0000;39;;;
230512;0000;31;;;
230513;0000;42;;;
230514;0000;40;;;
230515;0000;35;;;
230516;0000;34;;;
230517;0000;14;;;
230518;0000;26;;;
230519;0000;29;;;
230520;0000;43;;;
230521;0000;40;;;
230522;0000;26;;;
230523;0000;40;;;
230524;0000;32;;;
230525;0000;46;;;
230526;0000;25;;;
230527;0000;33;;;
230528;0000;63;;;
230529;0000;63;;;
230530;0000;64;;;
230531;0000;67;;;
230601;0000;45;;;
230602;0000;35;;;
230603;0000;31;;;
230604;0000;43;;;
230605;0000;45;;;
230606;0000;52;;;
230607;0000;57;;;
230608;0000;27;;;
230609;0000;10;;;
230610;0000;13;;;
230611;0000;32;;;
230612;0000;57;;;
230613;0000;52;;;
230614;0000;44;;;
230615;0000;51;;;
230616;0000;50;;;
230617;0000;55;;;
230618;0000;43;;;
230619;0000;42;;;
230620;0000;39;;;
230621;0000;35;;;
230622;0000;17;;;
230623;0000;15;;;
230624;0000;16;;;
230625;0000;24;;;
230626;0000;18;;;
230627;0000;17;;;
230628;0000;47;;;
230629;0000;51;;;
230630;0000;48;;;
230701;0000;40;;;
230702;0000;35;;;
230703;0000;46;;;
230704;0000;29;;;
230705;0000;22;;;
230706;0000;27;;;
230707;0000;43;;;
230708;0000;37;;;
230709;0000;38;;;
230710;0000;33;;;
230711;0000;27;;;
230712;0000;6;;;
230713;0000;31;;;
230714;0000;44;;;
230715;0000;43;;;
230716;0000;69;;;
230717;0000;68;;;
230718;0000;61;;;
230719;0000;43;;;
230720;0000;47;;;
230721;0000;22;;;
230722;0000;10;;;
230723;0000;31;;;
230724;0000;47;;;
230725;0000;33;;;
230726;0000;32;;;
230727;0000;44;;;
230728;0000;55;;;
230729;0000;41;;;
230730;0000;47;;;
230731;0000;46;;;
230801;0000;41;;;
230802;0000;41;;;
230803;0000;39;;;
230804;0000;36;;;
230805;0000;23;;;
230806;0000;24;;;
230807;0000;36;;;
230808;0000;47;;;
230809;0000;50;;;
230810;0000;6;;;
230811;0000;18;;;
230812;0000;32;;;
230813;0000;34;;;
230814;0000;26;;;
230815;0000;22;;;
230816;0000;15;;;
230817;0000;11;;;
230818;0000;19;;;
230819;0000;18;;;
230820;0000;15;;;
230821;0000;11;;;
230822;0000;3;;;
230823;0000;5;;;
230824;0000;15;;;
230825;0000;16;;;
230826;0000;32;;;
230827;0000;30;;;
230828;0000;21;;;
230829;0000;18;;;
230830;0000;15;;;
230831;0000;26;;;
230901;0000;24;;;
230902;0000;24;;;
230903;0000;16;;;
230904;0000;14;;;
230905;0000;41;;;
230906;0000;20;;;
230907;0000;11;;;
230908;0000;16;;;
230909;0000;20;;;
230910;0000;33;;;
230911;0000;6;;;
230912;0000;9;;;
230913;0000;18;;;
230914;0000;26;;;
230915;0000;24;;;
230916;0000;6;;;
230917;0000;13;;;
230918;0000;31;;;
230919;0000;38;;;
230920;0000;23;;;
230921;0000;14;;;
230922;0000;15;;;
230923;0000;27;;;
230924;0000;22;;;
230925;0000;13;;;
230926;0000;7;;;
230927;0000;16;;;
230928;0000;17;;;
230929;0000;24;;;
230930;0000;24;;;
231001;0000;16;;;
231002;0000;9;;;
231003;0000;8;;;
231004;0000;11;;;
231005;0000;11;;;
231006;0000;18;;;
231007;0000;20;;;
231008;0000;17;;;
231009;0000;17;;;
231010;0000;16;;;
231011;0000;15;;;
231012;0000;17;;;
231013;0000;19;;;
231014;0000;16;;;
231015;0000;16;;;
231016;0000;10;;;
231017;0000;16;;;
231018;0000;12;;;
231019;0000;19;;;
231020;0000;23;;;
231021;0000;25;;;
231022;0000;25;;;
231023;0000;13;;;
231024;0000;17;;;
231025;0000;15;;;
231026;0000;14;;;
231027;0000;8;;;
231028;0000;11;;;
231029;0000;4;;;
231030;0000;7;;;
231031;0000;10;;;
231101;0000;7;;;
231102;0000;10;;;
231103;0000;10;;;
231104;0000;16;;;
231105;0000;11;;;
231106;0000;9;;;
231107;0000;6;;;
231108;0000;7;;;
231109;0000;11;;;
231110;0000;6;;;
231111;0000;7;;;
231112;0000;9;;;
231113;0000;7;;;
231114;0000;9;;;
231115;0000;8;;;
231116;0000;9;;;
231117;0000;8;;;
231118;0000;15;;;
231119;0000;14;;;
231120;0000;7;;;
231121;0000;5;;;
231122;0000;9;;;
231123;0000;10;;;
231124;0000;11;;;
231125;0000;17;;;
231126;0000;13;;;
231127;0000;8;;;
231128;0000;10;;;
231129;0000;8;;;
231130;0000;11;;;
231201;0000;7;;;
231202;0000;6;;;
231203;0000;7;;;
231204;0000;12;;;
231205;0000;9;;;
231206;0000;12;;;
231207;0000;42;;;
231208;0000;34;;;
231209;0000;11;;;
231210;0000;;;;
231211;0000;;;;
231212;0000;9;;;
231213;0000;9;;;
231214;0000;11;;;
231215;0000;13;;;
231216;0000;5;;;
231217;0000;4;;;
231218;0000;5;;;
231219;0000;35;;;
231220;0000;33;;;
231221;0000;23;;;
231222;0000;14;;;
231223;0000;10;;;
231224;0000;11;;;
231225;0000;12;;;
231226;0000;15;;;
231227;0000;13;;;
231228;0000;12;;;
231229;0000;16;;;
231230;0000;9;;;
231231;0000;9;;;
240101;0000;8;;;
240102;0000;13;;;
240103;0000;16;;;
240104;0000;17;;;
240105;0000;12;;;
240106;0000;11;;;
240107;0000;7;;;
240108;0000;9;;;
240109;0000;9;;;
240110;0000;12;;;
240111;0000;14;;;
240112;0000;15;;;
240113;0000;13;;;
240114;0000;10;;;
240115;0000;9;;;
240116;0000;10;;;
240117;0000;14;;;
240118;0000;14;;;
240119;0000;15;;;
240120;0000;18;;;
240121;0000;18;;;
240122;0000;20;;;
240123;0000;18;;;
240124;0000;17;;;
240125;0000;17;;;
240126;0000;13;;;
240127;0000;14;;;
240128;0000;15;;;
240129;0000;14;;;
240130;0000;18;;;
240131;0000;20;;;
240201;0000;;;;
240202;0000;;;;
240203;0000;17;;;
240204;0000;29;;;
240205;0000;21;;;
240206;0000;19;;;
240207;0000;15;;;
240208;0000;11;;;
240209;0000;10;;;
240210;0000;14;;;
240211;0000;10;;;
240212;0000;13;;;
240213;0000;13;;;
240214;0000;14;;;
240215;0000;14;;;
240216;0000;14;;;
240217;0000;14;;;
240218;0000;12;;;
240219;0000;15;;;
240220;0000;11;;;
240221;0000;9;;;
240222;0000;6;;;
240223;0000;11;;;
240224;0000;9;;;
240225;0000;11;;;
240226;0000;15;;;
240227;0000;11;;;
240228;0000;10;;;
240229;0000;8;;;
240301;0000;12;;;
240302;0000;12;;;
240303;0000;9;;;
240304;0000;12;;;
240305;0000;12;;;
240306;0000;17;;;
240307;0000;10;;;
240308;0000;7;;;
240309;0000;8;;;
240310;0000;11;;;
240311;0000;10;;;
240312;0000;5;;;
240313;0000;7;;;
240314;0000;8;;;
240315;0000;13;;;
240316;0000;13;;;
240317;0000;12;;;
240318;0000;15;;;
240319;0000;16;;;
240320;0000;10;;;
240321;0000;16;;;
240322;0000;11;;;
240323;0000;9;;;
240324;0000;8;;;
240325;0000;8;;;
240326;0000;15;;;
240327;0000;13;;;
240328;0000;15;;;
240329;0000;20;;;
240330;0000;16;;;
240331;0000;10;;;
240401;0000;;;;
240402;0000;;;;
240403;0000;;;;
240404;0000;;;;
240405;0000;;;;
240406;0000;15;;;
240407;0000;19;;;
240408;0000;17;;;
240409;0000;22;;;
240410;0000;22;;;
240411;0000;15;;;
240412;0000;14;;;
240413;0000;15;;;
240414;0000;13;;;
240415;0000;9;;;
240416;0000;18;;;
240417;0000;22;;;
240418;0000;20;;;
240419;0000;22;;;
240420;0000;28;;;
240421;0000;18;;;
240422;0000;13;;;
240423;0000;15;;;
240424;0000;18;;;
240425;0000;16;;;
240426;0000;12;;;
240427;0000;11;;;
240428;0000;20;;;
240429;0000;11;;;
240430;0000;9;;;
240501;0000;13;;;
240502;0000;16;;;
240503;0000;21;;;
240504;0000;21;;;
240505;0000;32;;;
240506;0000;19;;;
240507;0000;9;;;
240508;0000;17;;;
240509;0000;29;;;
240510;0000;30;;;
240511;0000;39;;;
240512;0000;29;;;
240513;0000;32;;;
240514;0000;40;;;
240515;0000;33;;;
240516;0000;31;;;
240517;0000;32;;;
240518;0000;38;;;
240519;0000;48;;;
240520;0000;34;;;
240521;0000;15;;;
240522;0000;15;;;
240523;0000;12;;;
240524;0000;36;;;
240525;0000;31;;;
240526;0000;23;;;
240527;0000;37;;;
240528;0000;34;;;
240529;0000;53;;;
240530;0000;55;;;
240531;0000;44;;;
240601;0000;49;;;
240602;0000;64;;;
240603;0000;44;;;
240604;0000;60;;;
240605;0000;56;;;
240606;0000;63;;;
240607;0000;56;;;
240608;0000;28;;;
240609;0000;9;;;
240610;0000;27;;;
240611;0000;41;;;
240612;0000;31;;;
240613;0000;5;;;
240614;0000;11;;;
240615;0000;31;;;
240616;0000;40;;;
240617;0000;44;;;
240618;0000;8;;;
240619;0000;11;;;
240620;0000;24;;;
240621;0000;9;;;
240622;0000;5;;;
240623;0000;10;;;
240624;0000;14;;;
240625;0000;17;;;
240626;0000;42;;;
240627;0000;31;;;
240628;0000;37;;;
240629;0000;72;;;
240630;0000;57;;;
240701;0000;37;;;
240702;0000;33;;;
240703;0000;34;;;
240704;0000;28;;;
240705;0000;57;;;
240706;0000;56;;;
240707;0000;61;;;
240708;0000;59;;;
240709;0000;43;;;
240710;0000;28;;;
240711;0000;56;;;
240712;0000;50;;;
240713;0000;81;;;
240714;0000;77;;;
240715;0000;67;;;
240716;0000;62;;;
240717;0000;43;;;
240718;0000;42;;;
240719;0000;39;;;
240720;0000;53;;;
240721;0000;34;;;
240722;0000;39;;;
240723;0000;29;;;
240724;0000;41;;;
240725;0000;36;;;
240726;0000;48;;;
240727;0000;38;;;
240728;0000;58;;;
240729;0000;52;;;
240730;0000;50;;;
240731;0000;48;;;
240801;0000;22;;;
240802;0000;;;;
240803;0000;13;;;
240804;0000;32;;;
240805;0000;15;;;
240806;0000;6;;;
240807;0000;17;;;
240808;0000;36;;;
240809;0000;35;;;
240810;0000;35;;;
240811;0000;41;;;
240812;0000;36;;;
240813;0000;32;;;
240814;0000;38;;;
240815;0000;;;;
240816;0000;;;;
240817;0000;;;;
240818;0000;;;;
240819;0000;27;;;
240820;0000;;;;
240821;0000;18;;;
240822;0000;;;;
240823;0000;;;;
240824;0000;;;;
240825;0000;;;;
240826;0000;;;;
240827;0000;;;;
240828;0000;19;;;
240829;0000;16;;;
240830;0000;13;;;
240831;0000;31;;;
240901;0000;29;;;
240902;0000;9;;;
240903;0000;14;;;
240904;0000;21;;;
240905;0000;25;;;
240906;0000;19;;;
240907;0000;16;;;
240908;0000;24;;;
240909;0000;23;;;
240910;0000;12;;;
240911;0000;13;;;
240912;0000;17;;;
240913;0000;16;;;
240914;0000;26;;;
240915;0000;19;;;
240916;0000;20;;;
240917;0000;15;;;
240918;0000;31;;;
240919;0000;6;;;
240920;0000;22;;;
240921;0000;10;;;
240922;0000;10;;;
240923;0000;7;;;
240924;0000;11;;;
240925;0000;13;;;
240926;0000;20;;;
240927;0000;22;;;
240928;0000;16;;;
240929;0000;15;;;
240930;0000;9;;;
241001;0000;10;;;
241002;0000;16;;;
241003;0000;18;;;
241004;0000;18;;;
241005;0000;15;;;
241006;0000;13;;;
241007;0000;13;;;
241008;0000;5;;;
241009;0000;13;;;
241010;0000;15;;;
241011;0000;12;;;
241012;0000;18;;;
241013;0000;15;;;
241014;0000;13;;;
241015;0000;18;;;
241016;0000;11;;;
241017;0000;15;;;
241018;0000;16;;;
241019;0000;14;;;
241020;0000;4;;;
241021;0000;6;;;
241022;0000;10;;;
241023;0000;6;;;
241024;0000;8;;;
241025;0000;10;;;
241026;0000;13;;;
241027;0000;13;;;
241028;0000;17;;;
241029;0000;14;;;
241030;0000;15;;;
241031;0000;12;;;
241101;0000;9;;;
241102;0000;7;;;
241103;0000;6;;;
241104;0000;9;;;
241105;0000;11;;;
241106;0000;13;;;
241107;0000;13;;;
241108;0000;13;;;
241109;0000;10;;;
241110;0000;5;;;
241111;0000;6;;;
241112;0000;10;;;
241113;0000;16;;;
241114;0000;15;;;
241115;0000;12;;;
241116;0000;13;;;
241117;0000;12;;;
241118;0000;11;;;
241119;0000;11;;;
241120;0000;12;;;
241121;0000;11;;;
241122;0000;7;;;
241123;0000;6;;;
241124;0000;4;;;
241125;0000;6;;;
241126;0000;7;;;
241127;0000;8;;;
241128;0000;7;;;
241129;0000;;;;
241130;0000;8;;;
241201;0000;6;;;
241202;0000;8;;;
241203;0000;11;;;
241204;0000;17;;;
241205;0000;9;;;
241206;0000;7;;;
241207;0000;11;;;
241208;0000;7;;;
241209;0000;12;;;
241210;0000;14;;;
241211;0000;14;;;
241212;0000;9;;;
241213;0000;14;;;
241214;0000;12;;;
241215;0000;12;;;
241216;0000;11;;;
241217;0000;12;;;
241218;0000;12;;;
241219;0000;16;;;
241220;0000;21;;;
241221;0000;17;;;
241222;0000;18;;;
241223;0000;15;;;
241224;0000;12;;;
241225;0000;11;;;
241226;0000;12;;;
241227;0000;10;;;
241228;0000;10;;;
241229;0000;12;;;
241230;0000;14;;;
241231;0000;11;;;
250101;0000;11;;;
250102;0000;9;;;
250103;0000;13;;;
250104;0000;12;;;
250105;0000;12;;;
250106;0000;11;;;
250107;0000;9;;;
250108;0000;11;;;
250109;0000;10;;;
250110;0000;11;;;
250111;0000;12;;;
250112;0000;11;;;
250113;0000;10;;;
250114;0000;10;;;
250115;0000;10;;;
250116;0000;6;;;
250117;0000;10;;;
250118;0000;8;;;
250119;0000;9;;;
250120;0000;11;;;
250121;0000;15;;;
250122;0000;9;;;
250123;0000;8;;;
250124;0000;11;;;
250125;0000;14;;;
250126;0000;16;;;
250127;0000;12;;;
250128;0000;11;;;
250129;0000;13;;;
250130;0000;16;;;
250131;0000;12;;;
250201;0000;10;;;
250202;0000;11;;;
250203;0000;9;;;
250204;0000;9;;;
250205;0000;10;;;
250206;0000;10;;;
250207;0000;15;;;
250208;0000;19;;;
250209;0000;19;;;
250210;0000;13;;;
250211;0000;18;;;
250212;0000;16;;;
250213;0000;20;;;
250214;0000;16;;;
250215;0000;10;;;
250216;0000;11;;;
250217;0000;13;;;
250218;0000;12;;;
250219;0000;14;;;
250220;0000;12;;;
250221;0000;12;;;
250222;0000;12;;;
250223;0000;8;;;
250224;0000;9;;;
250225;0000;;;;
250226;0000;10;;;
250227;0000;15;;;
250228;0000;8;;;
250301;0000;7;;;
250302;0000;6;;;
250303;0000;6;;;
250304;0000;9;;;
250305;0000;9;;;
250306;0000;8;;;
250307;0000;6;;;
250308;0000;7;;;
250309;0000;10;;;
250310;0000;13;;;
250311;0000;11;;;
250312;0000;16;;;
250313;0000;15;;;
250314;0000;14;;;
250315;0000;13;;;
250316;0000;11;;;
250317;0000;14;;;
250318;0000;16;;;
250319;0000;13;;;
250320;0000;13;;;
250321;0000;15;;;
250322;0000;11;;;
250323;0000;15;;;
250324;0000;15;;;
250325;0000;14;;;
250326;0000;20;;;
250327;0000;18;;;
250328;0000;22;;;
250329;0000;22;;;
250330;0000;5;;;
250331;0000;13;;;
250401;0000;;;;
250402;0000;;;;
250403;0000;;;;
250404;0000;;;;
250405;0000;16;;;
250406;0000;13;;;
250407;0000;18;;;
250408;0000;21;;;
250409;0000;27;;;
250410;0000;17;;;
250411;0000;11;;;
250412;0000;21;;;
250413;0000;21;;;
250414;0000;11;;;
250415;0000;14;;;
250416;0000;14;;;
250417;0000;17;;;
250418;0000;25;;;
250419;0000;20;;;
250420;0000;21;;;
250421;0000;21;;;
250422;0000;20;;;
250423;0000;19;;;
250424;0000;11;;;
250425;0000;10;;;
250426;0000;14;;;
250427;0000;22;;;
250428;0000;18;;;
250429;0000;24;;;
250430;0000;30;;;
250501;0000;34;;;
250502;0000;36;;;
250503;0000;32;;;
250504;0000;27;;;
250505;0000;30;;;
250506;0000;43;;;
250507;0000;41;;;
250508;0000;15;;;
250509;0000;24;;;
250510;0000;36;;;
250511;0000;28;;;
250512;0000;35;;;
250513;0000;55;;;
250514;0000;;;;
250515;0000;;;;
250516;0000;;;;
250517;0000;;;;
250518;0000;;;;
250519;0000;16;;;
250520;0000;24;;;
250521;0000;24;;;
250522;0000;41;;;
250523;0000;47;;;
250524;0000;50;;;
250525;0000;34;;;
250526;0000;12;;;
250527;0000;7;;;
250528;0000;38;;;
250529;0000;34;;;
250530;0000;29;;;
250531;0000;46;;;
250601;0000;48;;;
250602;0000;47;;;
250603;0000;70;;;
250604;0000;63;;;
250605;0000;62;;;
250606;0000;46;;;
250607;0000;54;;;
250608;0000;70;;;
250609;0000;43;;;
250610;0000;34;;;
250611;0000;34;;;
250612;0000;18;;;
250613;0000;24;;;
250614;0000;31;;;
250615;0000;22;;;
250616;0000;7;;;
250617;0000;23;;;
250618;0000;34;;;
250619;0000;42;;;
250620;0000;40;;;
250621;0000;44;;;
250622;0000;17;;;
250623;0000;26;;;
250624;0000;31;;;
250625;0000;27;;;
250626;0000;36;;;
250627;0000;47;;;
250628;0000;44;;;
250629;0000;48;;;
250630;0000;52;;;
250701;0000;54;;;
250702;0000;51;;;
250703;0000;40;;;
250704;0000;35;;;
250705;0000;32;;;
250706;0000;17;;;
250707;0000;25;;;
250708;0000;35;;;
250709;0000;35;;;
250710;0000;53;;;
250711;0000;61;;;
250712;0000;65;;;
250713;0000;65;;;
250714;0000;57;;;
250715;0000;59;;;
250716;0000;51;;;
250717;0000;51;;;
250718;0000;39;;;
250719;0000;42;;;
250720;0000;48;;;
250721;0000;49;;;
250722;0000;51;;;
250723;0000;45;;;
250724;0000;33;;;
250725;0000;43;;;
250726;0000;53;;;
250727;0000;54;;;
250728;0000;50;;;
250729;0000;44;;;
250730;0000;30;;;
250731;0000;13;;;
250801;0000;6;;;
250802;0000;10;;;
250803;0000;35;;;
250804;0000;34;;;
250805;0000;31;;;
250806;0000;24;;;
250807;0000;29;;;
250808;0000;43;;;
250809;0000;21;;;
250810;0000;38;;;
250811;0000;40;;;
250812;0000;31;;;
250813;0000;42;;;
250814;0000;30;;;
250815;0000;10;;;
250816;0000;15;;;
250817;0000;17;;;
250818;0000;23;;;
250819;0000;14;;;
250820;0000;14;;;
250821;0000;4;;;
250822;0000;4;;;
250823;0000;19;;;
250824;0000;24;;;
250825;0000;26;;;
250826;0000;31;;;
250827;0000;32;;;
250828;0000;26;;;
250829;0000;14;;;
250830;0000;18;;;
250831;0000;25;;;
250901;0000;29;;;
250902;0000;16;;;
250903;0000;20;;;
250904;0000;32;;;
250905;0000;30;;;
250906;0000;25;;;
250907;0000;17;;;
250908;0000;14;;;
250909;0000;16;;;
250910;0000;12;;;
250911;0000;22;;;
250912;0000;26;;;
250913;0000;10;;;
250914;0000;13;;;
250915;0000;21;;;
250916;0000;25;;;
250917;0000;22;;;
250918;0000;23;;;
250919;0000;14;;;
250920;0000;7;;;
250921;0000;5;;;
250922;0000;11;;;
250923;0000;20;;;
250924;0000;21;;;
250925;0000;17;;;
250926;0000;11;;;
250927;0000;16;;;
250928;0000;21;;;
250929;0000;10;;;
250930;0000;15;;;
251001;0000;20;;;
251002;0000;21;;;
251003;0000;18;;;
251004;0000;6;;;
251005;0000;5;;;
251006;0000;10;;;
251007;0000;15;;;
251008;0000;16;;;
251009;0000;18;;;
251010;0000;17;;;
251011;0000;8;;;
251012;0000;12;;;
251013;0000;14;;;
251014;0000;15;;;
251015;0000;16;;;
251016;0000;15;;;
251017;0000;16;;;
251018;0000;18;;;
251019;0000;16;;;
251020;0000;15;;;
251021;0000;15;;;
251022;0000;15;;;
251023;0000;12;;;
251024;0000;11;;;
251025;0000;9;;;
251026;0000;12;;;
251027;0000;10;;;
251028;0000;14;;;
251029;0000;16;;;
251030;0000;12;;;
251031;0000;12;;;
251101;0000;9;;;
251102;0000;12;;;
251103;0000;11;;;
251104;0000;10;;;
251105;0000;11;;;
251106;0000;10;;;
251107;0000;9;;;
251108;0000;13;;;
251109;0000;11;;;
251110;0000;11;;;
251111;0000;9;;;
251112;0000;13;;;
251113;0000;15;;;
251114;0000;17;;;
251115;0000;14;;;
251116;0000;11;;;
251117;0000;13;;;
251118;0000;16;;;
251119;0000;12;;;
251120;0000;13;;;
251121;0000;16;;;
251122;0000;17;;;
251123;0000;16;;;
251124;0000;16;;;
251125;0000;19;;;
251126;0000;15;;;
251127;0000;13;;;
251128;0000;9;;;
251129;0000;8;;;
251130;0000;13;;;
251201;0000;10;;;
251202;0000;11;;;
251203;0000;13;;;
251204;0000;12;;;
251205;0000;15;;;
251206;0000;17;;;
251207;0000;12;;;
251208;0000;12;;;
251209;0000;17;;;
251210;0000;13;;;
251211;0000;12;;;
251212;0000;13;;;
251213;0000;9;;;
251214;0000;8;;;
251215;0000;10;;;
251216;0000;32;;;
251217;0000;31;;;
251218;0000;16;;;
251219;0000;14;;;
251220;0000;10;;;
251221;0000;8;;;
251222;0000;11;;;
251223;0000;16;;;
251224;0000;18;;;
251225;0000;13;;;
251226;0000;13;;;
251227;0000;14;;;
251228;0000;14;;;
251229;0000;19;;;
251230;0000;18;;;
251231;0000;20;;;
260101;0000;25;;;
260102;0000;15;;;
260103;0000;11;;;
260104;0000;11;;;
260105;0000;11;;;
260106;0000;11;;;
260107;0000;14;;;
260108;0000;14;;;
260109;0000;17;;;
260110;0000;22;;;
260111;0000;17;;;
260112;0000;18;;;
260113;0000;14;;;
260114;0000;13;;;
260115;0000;14;;;
260116;0000;19;;;
260117;0000;19;;;
260118;0000;24;;;
260119;0000;28;;;
260120;0000;33;;;
260121;0000;21;;;
260122;0000;22;;;
260123;0000;28;;;
260124;0000;22;;;
260125;0000;12;;;
260126;0000;10;;;
260127;0000;10;;;
260128;0000;14;;;
260129;0000;17;;;
260130;0000;10;;;
260131;0000;11;;;
260201;0000;15;;;
260202;0000;11;;;
260203;0000;10;;;
260204;0000;10;;;
260205;0000;9;;;
260206;0000;11;;;
260207;0000;12;;;
260208;0000;11;;;
260209;0000;7;;;
260210;0000;6;;;
260211;0000;12;;;
260212;0000;14;;;
260213;0000;13;;;
260214;0000;9;;;
260215;0000;10;;;
260216;0000;12;;;
260217;0000;13;;;
260218;0000;11;;;
260219;0000;12;;;
260220;0000;13;;;
260221;0000;13;;;
260222;0000;16;;;
260223;0000;16;;;
260224;0000;15;;;
260225;0000;12;;;
260226;0000;13;;;
260227;0000;11;;;
260228;0000;10;;;
260301;0000;9;;;
260302;0000;7;;;
260303;0000;12;;;
260304;0000;13;;;
260305;0000;16;;;
260306;0000;18;;;
260307;0000;13;;;
260308;0000;11;;;
260309;0000;13;;;
260310;0000;15;;;
260311;0000;17;;;
260312;0000;20;;;
260313;0000;22;;;
260314;0000;19;;;
260315;0000;16;;;
260316;0000;11;;;
260317;0000;9;;;
260318;0000;14;;;
260319;0000;11;;;
260320;0000;7;;;
260321;0000;10;;;
260322;0000;11;;;
260323;0000;15;;;
260324;0000;15;;;
260325;0000;15;;;
260326;0000;16;;;
260327;0000;18;;;
260328;0000;23;;;
260329;0000;17;;;
260330;0000;19;;;
260331;0000;21;;;
260401;0000;19;;;
260402;0000;;;;
260403;0000;;;;
260404;0000;;;;
260405;0000;;;;
260406;0000;;;;
260407;0000;19;;;
260408;0000;20;;;
260409;0000;21;;;
260410;0000;18;;;
260411;0000;17;;;
260412;0000;17;;;
260413;0000;20;;;
260414;0000;19;;;
260415;0000;27;;;
260416;0000;22;;;
260417;0000;14;;;
260418;0000;7;;;
260419;0000;8;;;
260420;0000;12;;;
260421;0000;22;;;
260422;0000;22;;;
260423;0000;23;;;
260424;0000;24;;;
260425;0000;29;;;
260426;0000;25;;;
260427;0000;20;;;
260428;0000;16;;;
260429;0000;16;;;
260430;0000;20;;;
260501;0000;28;;;
260502;0000;41;;;
260503;0000;23;;;
260504;0000;23;;;
260505;0000;22;;;
260506;0000;9;;;
260507;0000;10;;;
260508;0000;17;;;
260509;0000;33;;;
260510;0000;37;;;
260511;0000;29;;;
260512;0000;30;;;
260513;0000;53;;;
260514;0000;65;;;
260515;0000;47;;;
260516;0000;49;;;
260517;0000;50;;;
260518;0000;30;;;
260519;0000;39;;;
260520;0000;60;;;
260521;0000;52;;;
260522;0000;61;;;
260523;0000;56;;;
260524;0000;91;;;
260525;0000;57;;;
260526;0000;28;;;
260527;0000;36;;;
260528;0000;41;;;
260529;0000;59;;;
260530;0000;53;;;
260531;0000;38;;;
260601;0000;51;;;
260602;0000;69;;;
260603;0000;57;;;
260604;0000;39;;;
260605;0000;44;;;
260606;0000;55;;;
260607;0000;67;;;
260608;0000;45;;;
260609;0000;24;;;
260610;0000;23;;;
260611;0000;30;;;
260612;0000;44;;;
260613;0000;57;;;
260614;0000;83;;;
260615;0000;66;;;
260616;0000;73;;;
260617;0000;47;;;
260618;0000;26;;;
260619;0000;34;;;
260620;0000;29;;;
260621;0000;17;;;
260622;0000;29;;;
260623;0000;29;;;
260624;0000;53;;;
260625;0000;40;;;
260626;0000;37;;;
260627;0000;42;;;
260628;0000;47;;;
260629;0000;42;;;
260630;0000;36;;;
260701;0000;21;;;
260702;0000;39;;;
260703;0000;51;;;
260704;0000;37;;;
260705;0000;30;;;
260706;0000;39;;;
260707;0000;38;;;
260708;0000;43;;;
260709;0000;62;;;
260710;0000;40;;;
260711;0000;37;;;
260712;0000;47;;;
260713;0000;32;;;
260714;0000;29;;;
260715;0000;23;;;
260716;0000;6;;;
260717;0000;4;;;
260718;0000;7;;;
260719;0000;25;;;
260720;0000;12;;;
260721;0000;13;;;
260722;0000;21;;;
260723;0000;15;;;
260724;0000;30;;;
260725;0000;28;;;
260726;0000;24;;;
260727;0000;9;;;
260728;0000;6;;;
260729;0000;26;;;
260730;0000;17;;;
260731;0000;12;;;
260801;0000;29;;;
260802;0000;10;;;
260803;0000;25;;;
260804;0000;26;;;
260805;0000;34;;;
260806;0000;8;;;
260807;0000;16;;;
260808;0000;5;;;
260809;0000;14;;;
260810;0000;19;;;
260811;0000;32;;;
260812;0000;47;;;
260813;0000;40;;;
260814;0000;14;;;
260815;0000;11;;;
260816;0000;15;;;
260817;0000;12;;;
260818;0000;18;;;
260819;0000;18;;;
260820;0000;29;;;
260821;0000;37;;;
260822;0000;30;;;
260823;0000;31;;;
260824;0000;;32;;
260825;0000;;11;;
260826;0000;;8;;
260827;0000;;10;;
260828;0000;;9;;
260829;0000;;13;;
260830;0000;;14;;
260831;0000;;6;;
260901;0000;;17;;
260902;0000;;15;;
260903;0000;;7;;
260904;0000;;12;;
260905;0000;;23;;
260906;0000;;22;;
260907;0000;;10;;
260908;0000;;12;;
260909;0000;;11;;
260910;0000;;;17;
260911;0000;;;;
