Fecha;PM10
2020-01-01;46,0
2020-01-02;58,0
2020-01-03;63,0
2020-01-04;60,0
2020-01-05;46,0
2020-01-06;50,0
2020-01-07;53,0
2020-01-08;37,0
2020-01-09;49,0
2020-01-10;61,0
2020-01-11;57,0
2020-01-12;53,0
2020-01-13;57,0
2020-01-14;62,0
2020-01-15;74,0
2020-01-16;110,0
2020-01-17;90,0
2020-01-18;87,0
2020-01-19;62,0
2020-01-20;70,0
2020-01-21;78,0
2020-01-22;66,0
2020-01-23;59,0
2020-01-24;58,0
2020-01-25;61,0
2020-01-26;55,0
2020-01-27;57,0
2020-01-28;78,0
2020-01-29;44,0
2020-01-30;66,0
2020-01-31;73,0
2020-02-01;61,0
2020-02-02;56,0
2020-02-03;50,0
2020-02-04;47,0
2020-02-05;49,0
2020-02-06;53,0
2020-02-07;64,0
2020-02-08;64,0
2020-02-09;58,0
2020-02-10;73,0
2020-02-11;77,0
2020-02-12;69,0
2020-02-13;67,0
2020-02-14;84,0
2020-02-15;70,0
2020-02-16;53,0
2020-02-17;46,0
2020-02-18;70,0
2020-02-19;77,0
2020-02-20;92,0
2020-02-21;75,0
2020-02-22;57,0
2020-02-23;51,0
2020-02-24;62,0
2020-02-25;74,0
2020-02-26;86,0
2020-02-27;83,0
2020-02-28;94,0
2020-02-29;83,0
2020-03-01;48,0
2020-03-02;67,0
2020-03-03;78,0
2020-03-04;79,0
2020-03-05;85,0
2020-03-06;88,0
2020-03-07;73,0
2020-03-08;48,0
2020-03-09;68,0
2020-03-10;89,0
2020-03-11;83,0
2020-03-12;62,0
2020-03-13;59,0
2020-03-14;58,0
2020-03-15;55,0
2020-03-16;74,0
2020-03-17;85,0
2020-03-18;84,0
2020-03-19;87,0
2020-03-20;100,0
2020-03-21;52,0
2020-03-22;36,0
2020-03-23;61,0
2020-03-24;61,0
2020-03-25;56,0
2020-03-26;78,0
2020-03-27;52,0
2020-03-28;69,0
2020-03-29;60,0
2020-03-30;83,0
2020-03-31;87,0
2020-04-01;85,0
2020-04-02;101,0
2020-04-03;122,0
2020-04-04;101,0
2020-04-05;58,0
2020-04-06;82,0
2020-04-07;91,0
2020-04-08;109,0
2020-04-09;87,0
2020-04-10;64,0
2020-04-11;63,0
2020-04-12;58,0
2020-04-13;70,0
2020-04-14;86,0
2020-04-15;86,0
2020-04-16;102,0
2020-04-17;109,0
2020-04-18;81,0
2020-04-19;59,0
2020-04-20;82,0
2020-04-21;95,0
2020-04-22;110,0
2020-04-23;74,0
2020-04-24;54,0
2020-04-25;56,0
2020-04-26;32,0
2020-04-27;40,0
2020-04-28;63,0
2020-04-29;96,0
2020-04-30;112,0
2020-05-01;94,0
2020-05-02;78,0
2020-05-03;68,0
2020-05-04;85,0
2020-05-05;93,0
2020-05-06;122,0
2020-05-07;118,0
2020-05-08;128,0
2020-05-09;101,0
2020-05-10;55,0
2020-05-11;74,0
2020-05-12;96,0
2020-05-13;121,0
2020-05-14;103,0
2020-05-15;109,0
2020-05-16;86,0
2020-05-17;64,0
2020-05-18;87,0
2020-05-19;65,0
2020-05-20;62,0
2020-05-21;38,0
2020-05-22;78,0
2020-05-23;83,0
2020-05-24;68,0
2020-05-25;90,0
2020-05-26;79,0
2020-05-27;75,0
2020-05-28;95,0
2020-05-29;100,0
2020-05-30;92,0
2020-05-31;93,0
2020-06-01;74,0
2020-06-02;101,0
2020-06-03;28,0
2020-06-04;59,0
2020-06-05;87,0
2020-06-06;79,0
2020-06-07;76,0
2020-06-08;99,0
2020-06-09;97,0
2020-06-10;112,0
2020-06-11;119,0
2020-06-12;40,0
2020-06-13;77,0
2020-06-14;54,0
2020-06-15;61,0
2020-06-16;112,0
2020-06-17;40,0
2020-06-18;107,0
2020-06-19;64,0
2020-06-20;70,0
2020-06-21;78,0
2020-06-22;71,0
2020-06-23;15,0
2020-06-24;19,0
2020-06-25;74,0
2020-06-26;70,0
2020-06-27;111,0
2020-06-28;73,0
2020-06-29;30,0
2020-06-30;58,0
2020-07-01;57,0
2020-07-02;83,0
2020-07-03;95,0
2020-07-04;25,0
2020-07-05;21,0
2020-07-06;68,0
2020-07-07;91,0
2020-07-08;61,0
2020-07-09;109,0
2020-07-10;133,0
2020-07-11;126,0
2020-07-12;116,0
2020-07-13;151,0
2020-07-14;111,0
2020-07-15;134,0
2020-07-16;130,0
2020-07-17;135,0
2020-07-18;115,0
2020-07-19;55,0
2020-07-20;48,0
2020-07-21;21,0
2020-07-22;38,0
2020-07-23;95,0
2020-07-24;80,0
2020-07-25;105,0
2020-07-26;134,0
2020-07-27;92,0
2020-07-28;113,0
2020-07-29;102,0
2020-07-30;78,0
2020-07-31;140,0
2020-08-01;83,0
2020-08-02;79,0
2020-08-03;81,0
2020-08-04;84,0
2020-08-05;38,0
2020-08-06;45,0
2020-08-07;97,0
2020-08-08;83,0
2020-08-09;55,0
2020-08-10;62,0
2020-08-11;57,0
2020-08-12;72,0
2020-08-13;74,0
2020-08-14;54,0
2020-08-15;70,0
2020-08-16;75,0
2020-08-17;64,0
2020-08-18;47,0
2020-08-19;64,0
2020-08-20;96,0
2020-08-21;92,0
2020-08-22;78,0
2020-08-23;29,0
2020-08-24;34,0
2020-08-25;33,0
2020-08-26;16,0
2020-08-27;33,0
2020-08-28;39,0
2020-08-29;25,0
2020-08-30;35,0
2020-08-31;43,0
2020-09-01;38,0
2020-09-02;57,0
2020-09-03;63,0
2020-09-04;70,0
2020-09-05;40,0
2020-09-06;47,0
2020-09-07;56,0
2020-09-08;47,0
2020-09-09;56,0
2020-09-10;48,0
2020-09-11;54,0
2020-09-12;84,0
2020-09-13;53,0
2020-09-14;84,0
2020-09-15;62,0
2020-09-16;75,0
2020-09-17;72,0
2020-09-18;59,0
2020-09-19;55,0
2020-09-20;49,0
2020-09-21;61,0
2020-09-22;62,0
2020-09-23;66,0
2020-09-24;73,0
2020-09-25;29,0
2020-09-26;25,0
2020-09-27;36,0
2020-09-28;60,0
2020-09-29;42,0
2020-09-30;36,0
2020-10-01;43,0
2020-10-02;43,0
2020-10-03;30,0
2020-10-04;26,0
2020-10-05;56,0
2020-10-06;52,0
2020-10-07;61,0
2020-10-08;59,0
2020-10-09;73,0
2020-10-10;66,0
2020-10-11;53,0
2020-10-12;49,0
2020-10-13;68,0
2020-10-14;61,0
2020-10-15;78,0
2020-10-16;56,0
2020-10-17;71,0
2020-10-18;48,0
2020-10-19;56,0
2020-10-20;59,0
2020-10-21;65,0
2020-10-22;67,0
2020-10-23;67,0
2020-10-24;54,0
2020-10-25;28,0
2020-10-26;51,0
2020-10-27;47,0
2020-10-28;45,0
2020-10-29;57,0
2020-10-30;61,0
2020-10-31;65,0
2020-11-01;43,0
2020-11-02;71,0
2020-11-03;62,0
2020-11-04;57,0
2020-11-05;54,0
2020-11-06;65,0
2020-11-07;61,0
2020-11-08;47,0
2020-11-09;55,0
2020-11-10;58,0
2020-11-11;49,0
2020-11-12;54,0
2020-11-13;34,0
2020-11-14;33,0
2020-11-15;35,0
2020-11-16;48,0
2020-11-17;47,0
2020-11-18;53,0
2020-11-19;42,0
2020-11-20;28,0
2020-11-21;33,0
2020-11-22;35,0
2020-11-23;47,0
2020-11-24;39,0
2020-11-25;54,0
2020-11-26;63,0
2020-11-27;65,0
2020-11-28;54,0
2020-11-29;37,0
2020-11-30;47,0
2020-12-01;65,0
2020-12-02;58,0
2020-12-03;54,0
2020-12-04;63,0
2020-12-05;62,0
2020-12-06;54,0
2020-12-07;60,0
2020-12-08;42,0
2020-12-09;49,0
2020-12-10;53,0
2020-12-11;52,0
2020-12-12;
2020-12-13;37,0
2020-12-14;59,0
2020-12-15;
2020-12-16;64,0
2020-12-17;67,0
2020-12-18;35,0
2020-12-19;37,0
2020-12-20;33,0
2020-12-21;49,0
2020-12-22;59,0
2020-12-23;72,0
2020-12-24;57,0
2020-12-25;46,0
2020-12-26;47,0
2020-12-27;31,0
2020-12-28;49,0
2020-12-29;49,0
2020-12-30;50,0
2020-12-31;63,0
2021-01-01;56,0
2021-01-02;46,0
2021-01-03;40,0
2021-01-04;54,0
2021-01-05;58,0
2021-01-06;57,0
2021-01-07;57,0
2021-01-08;55,0
2021-01-09;48,0
2021-01-10;29,0
2021-01-11;39,0
2021-01-12;54,0
2021-01-13;52,0
2021-01-14;64,0
2021-01-15;59,0
2021-01-16;45,0
2021-01-17;41,0
2021-01-18;60,0
2021-01-19;73,0
2021-01-20;67,0
2021-01-21;66,0
2021-01-22;69,0
2021-01-23;53,0
2021-01-24;42,0
2021-01-25;57,0
2021-01-26;60,0
2021-01-27;61,0
2021-01-28;58,0
2021-01-29;44,0
2021-01-30;17,0
2021-01-31;14,0
2021-02-01;23,0
2021-02-02;36,0
2021-02-03;49,0
2021-02-04;53,0
2021-02-05;43,0
2021-02-06;35,0
2021-02-07;36,0
2021-02-08;37,0
2021-02-09;46,0
2021-02-10;52,0
2021-02-11;35,0
2021-02-12;53,0
2021-02-13;36,0
2021-02-14;30,0
2021-02-15;41,0
2021-02-16;37,0
2021-02-17;46,0
2021-02-18;39,0
2021-02-19;47,0
2021-02-20;45,0
2021-02-21;34,0
2021-02-22;46,0
2021-02-23;55,0
2021-02-24;66,0
2021-02-25;66,0
2021-02-26;65,0
2021-02-27;58,0
2021-02-28;45,0
2021-03-01;58,0
2021-03-02;63,0
2021-03-03;62,0
2021-03-04;63,0
2021-03-05;56,0
2021-03-06;40,0
2021-03-07;40,0
2021-03-08;56,0
2021-03-09;60,0
2021-03-10;62,0
2021-03-11;61,0
2021-03-12;57,0
2021-03-13;50,0
2021-03-14;37,0
2021-03-15;33,0
2021-03-16;40,0
2021-03-17;47,0
2021-03-18;39,0
2021-03-19;41,0
2021-03-20;33,0
2021-03-21;31,0
2021-03-22;42,0
2021-03-23;67,0
2021-03-24;63,0
2021-03-25;47,0
2021-03-26;61,0
2021-03-27;56,0
2021-03-28;49,0
2021-03-29;57,0
2021-03-30;66,0
2021-03-31;75,0
2021-04-01;66,0
2021-04-02;63,0
2021-04-03;60,0
2021-04-04;38,0
2021-04-05;56,0
2021-04-06;47,0
2021-04-07;45,0
2021-04-08;43,0
2021-04-09;47,0
2021-04-10;43,0
2021-04-11;48,0
2021-04-12;81,0
2021-04-13;84,0
2021-04-14;88,0
2021-04-15;77,0
2021-04-16;73,0
2021-04-17;46,0
2021-04-18;61,0
2021-04-19;67,0
2021-04-20;59,0
2021-04-21;38,0
2021-04-22;46,0
2021-04-23;44,0
2021-04-24;62,0
2021-04-25;56,0
2021-04-26;75,0
2021-04-27;73,0
2021-04-28;108,0
2021-04-29;92,0
2021-04-30;72,0
2021-05-01;81,0
2021-05-02;53,0
2021-05-03;44,0
2021-05-04;51,0
2021-05-05;69,0
2021-05-06;93,0
2021-05-07;56,0
2021-05-08;59,0
2021-05-09;56,0
2021-05-10;89,0
2021-05-11;114,0
2021-05-12;126,0
2021-05-13;173,0
2021-05-14;158,0
2021-05-15;149,0
2021-05-16;165,0
2021-05-17;120,0
2021-05-18;75,0
2021-05-19;94,0
2021-05-20;48,0
2021-05-21;18,0
2021-05-22;45,0
2021-05-23;54,0
2021-05-24;81,0
2021-05-25;82,0
2021-05-26;131,0
2021-05-27;91,0
2021-05-28;55,0
2021-05-29;67,0
2021-05-30;84,0
2021-05-31;76,0
2021-06-01;98,0
2021-06-02;94,0
2021-06-03;74,0
2021-06-04;72,0
2021-06-05;63,0
2021-06-06;63,0
2021-06-07;95,0
2021-06-08;92,0
2021-06-09;71,0
2021-06-10;78,0
2021-06-11;105,0
2021-06-12;97,0
2021-06-13;68,0
2021-06-14;101,0
2021-06-15;56,0
2021-06-16;71,0
2021-06-17;75,0
2021-06-18;88,0
2021-06-19;118,0
2021-06-20;120,0
2021-06-21;96,0
2021-06-22;77,0
2021-06-23;40,0
2021-06-24;80,0
2021-06-25;52,0
2021-06-26;25,0
2021-06-27;67,0
2021-06-28;78,0
2021-06-29;
2021-06-30;
2021-07-01;107,0
2021-07-02;97,0
2021-07-03;115,0
2021-07-04;121,0
2021-07-05;102,0
2021-07-06;67,0
2021-07-07;96,0
2021-07-08;105,0
2021-07-09;97,0
2021-07-10;133,0
2021-07-11;85,0
2021-07-12;69,0
2021-07-13;105,0
2021-07-14;137,0
2021-07-15;132,0
2021-07-16;80,0
2021-07-17;112,0
2021-07-18;82,0
2021-07-19;117,0
2021-07-20;146,0
2021-07-21;122,0
2021-07-22;152,0
2021-07-23;128,0
2021-07-24;64,0
2021-07-25;52,0
2021-07-26;34,0
2021-07-27;78,0
2021-07-28;114,0
2021-07-29;118,0
2021-07-30;122,0
2021-07-31;132,0
2021-08-01;120,0
2021-08-02;100,0
2021-08-03;120,0
2021-08-04;129,0
2021-08-05;100,0
2021-08-06;125,0
2021-08-07;78,0
2021-08-08;52,0
2021-08-09;61,0
2021-08-10;96,0
2021-08-11;101,0
2021-08-12;70,0
2021-08-13;136,0
2021-08-14;143,0
2021-08-15;92,0
2021-08-16;85,0
2021-08-17;66,0
2021-08-18;23,0
2021-08-19;15,0
2021-08-20;70,0
2021-08-21;59,0
2021-08-22;26,0
2021-08-23;37,0
2021-08-24;37,0
2021-08-25;30,0
2021-08-26;43,0
2021-08-27;80,0
2021-08-28;86,0
2021-08-29;68,0
2021-08-30;44,0
2021-08-31;59,0
2021-09-01;80,0
2021-09-02;56,0
2021-09-03;44,0
2021-09-04;41,0
2021-09-05;38,0
2021-09-06;24,0
2021-09-07;23,0
2021-09-08;38,0
2021-09-09;77,0
2021-09-10;92,0
2021-09-11;43,0
2021-09-12;11,0
2021-09-13;22,0
2021-09-14;51,0
2021-09-15;68,0
2021-09-16;69,0
2021-09-17;46,0
2021-09-18;35,0
2021-09-19;29,0
2021-09-20;46,0
2021-09-21;66,0
2021-09-22;42,0
2021-09-23;69,0
2021-09-24;80,0
2021-09-25;40,0
2021-09-26;36,0
2021-09-27;53,0
2021-09-28;58,0
2021-09-29;58,0
2021-09-30;34,0
2021-10-01;47,0
2021-10-02;30,0
2021-10-03;36,0
2021-10-04;55,0
2021-10-05;53,0
2021-10-06;63,0
2021-10-07;66,0
2021-10-08;25,0
2021-10-09;42,0
2021-10-10;27,0
2021-10-11;49,0
2021-10-12;42,0
2021-10-13;37,0
2021-10-14;20,0
2021-10-15;36,0
2021-10-16;42,0
2021-10-17;33,0
2021-10-18;50,0
2021-10-19;67,0
2021-10-20;44,0
2021-10-21;59,0
2021-10-22;45,0
2021-10-23;43,0
2021-10-24;46,0
2021-10-25;59,0
2021-10-26;64,0
2021-10-27;69,0
2021-10-28;61,0
2021-10-29;69,0
2021-10-30;60,0
2021-10-31;53,0
2021-11-01;47,0
2021-11-02;59,0
2021-11-03;48,0
2021-11-04;44,0
2021-11-05;67,0
2021-11-06;47,0
2021-11-07;43,0
2021-11-08;51,0
2021-11-09;53,0
2021-11-10;45,0
2021-11-11;51,0
2021-11-12;48,0
2021-11-13;26,0
2021-11-14;42,0
2021-11-15;44,0
2021-11-16;50,0
2021-11-17;53,0
2021-11-18;58,0
2021-11-19;57,0
2021-11-20;50,0
2021-11-21;44,0
2021-11-22;57,0
2021-11-23;66,0
2021-11-24;43,0
2021-11-25;49,0
2021-11-26;64,0
2021-11-27;34,0
2021-11-28;38,0
2021-11-29;53,0
2021-11-30;49,0
2021-12-01;48,0
2021-12-02;57,0
2021-12-03;54,0
2021-12-04;54,0
2021-12-05;55,0
2021-12-06;57,0
2021-12-07;52,0
2021-12-08;53,0
2021-12-09;66,0
2021-12-10;58,0
2021-12-11;33,0
2021-12-12;24,0
2021-12-13;42,0
2021-12-14;47,0
2021-12-15;53,0
2021-12-16;58,0
2021-12-17;51,0
2021-12-18;55,0
2021-12-19;51,0
2021-12-20;60,0
2021-12-21;64,0
2021-12-22;69,0
2021-12-23;51,0
2021-12-24;47,0
2021-12-25;
2021-12-26;
2021-12-27;
2021-12-28;65,0
2021-12-29;41,0
2021-12-30;47,0
2021-12-31;47,0
2022-01-01;36,0
2022-01-02;29,0
2022-01-03;40,0
2022-01-04;39,0
2022-01-05;57,0
2022-01-06;61,0
2022-01-07;63,0
2022-01-08;50,0
2022-01-09;33,0
2022-01-10;44,0
2022-01-11;51,0
2022-01-12;52,0
2022-01-13;48,0
2022-01-14;51,0
2022-01-15;44,0
2022-01-16;29,0
2022-01-17;36,0
2022-01-18;53,0
2022-01-19;48,0
2022-01-20;52,0
2022-01-21;50,0
2022-01-22;34,0
2022-01-23;38,0
2022-01-24;54,0
2022-01-25;57,0
2022-01-26;61,0
2022-01-27;55,0
2022-01-28;59,0
2022-01-29;48,0
2022-01-30;38,0
2022-01-31;46,0
2022-02-01;53,0
2022-02-02;57,0
2022-02-03;48,0
2022-02-04;44,0
2022-02-05;43,0
2022-02-06;51,0
2022-02-07;58,0
2022-02-08;61,0
2022-02-09;67,0
2022-02-10;54,0
2022-02-11;59,0
2022-02-12;80,0
2022-02-13;56,0
2022-02-14;64,0
2022-02-15;63,0
2022-02-16;67,0
2022-02-17;65,0
2022-02-18;78,0
2022-02-19;54,0
2022-02-20;40,0
2022-02-21;43,0
2022-02-22;42,0
2022-02-23;36,0
2022-02-24;41,0
2022-02-25;52,0
2022-02-26;43,0
2022-02-27;34,0
2022-02-28;57,0
2022-03-01;78,0
2022-03-02;73,0
2022-03-03;63,0
2022-03-04;57,0
2022-03-05;50,0
2022-03-06;41,0
2022-03-07;50,0
2022-03-08;60,0
2022-03-09;57,0
2022-03-10;73,0
2022-03-11;75,0
2022-03-12;66,0
2022-03-13;60,0
2022-03-14;75,0
2022-03-15;84,0
2022-03-16;67,0
2022-03-17;69,0
2022-03-18;74,0
2022-03-19;74,0
2022-03-20;70,0
2022-03-21;59,0
2022-03-22;63,0
2022-03-23;51,0
2022-03-24;80,0
2022-03-25;98,0
2022-03-26;70,0
2022-03-27;63,0
2022-03-28;70,0
2022-03-29;77,0
2022-03-30;88,0
2022-03-31;98,0
2022-04-01;96,0
2022-04-02;77,0
2022-04-03;44,0
2022-04-04;73,0
2022-04-05;78,0
2022-04-06;84,0
2022-04-07;85,0
2022-04-08;77,0
2022-04-09;43,0
2022-04-10;35,0
2022-04-11;47,0
2022-04-12;68,0
2022-04-13;97,0
2022-04-14;95,0
2022-04-15;44,0
2022-04-16;73,0
2022-04-17;82,0
2022-04-18;83,0
2022-04-19;84,0
2022-04-20;76,0
2022-04-21;96,0
2022-04-22;66,0
2022-04-23;65,0
2022-04-24;41,0
2022-04-25;37,0
2022-04-26;22,0
2022-04-27;37,0
2022-04-28;101,0
2022-04-29;110,0
2022-04-30;81,0
2022-05-01;76,0
2022-05-02;72,0
2022-05-03;118,0
2022-05-04;100,0
2022-05-05;74,0
2022-05-06;101,0
2022-05-07;90,0
2022-05-08;46,0
2022-05-09;84,0
2022-05-10;133,0
2022-05-11;139,0
2022-05-12;121,0
2022-05-13;109,0
2022-05-14;125,0
2022-05-15;121,0
2022-05-16;120,0
2022-05-17;146,0
2022-05-18;155,0
2022-05-19;93,0
2022-05-20;89,0
2022-05-21;84,0
2022-05-22;85,0
2022-05-23;72,0
2022-05-24;88,0
2022-05-25;102,0
2022-05-26;108,0
2022-05-27;170,0
2022-05-28;186,0
2022-05-29;106,0
2022-05-30;111,0
2022-05-31;117,0
2022-06-01;78,0
2022-06-02;66,0
2022-06-03;71,0
2022-06-04;35,0
2022-06-05;35,0
2022-06-06;76,0
2022-06-07;104,0
2022-06-08;84,0
2022-06-09;113,0
2022-06-10;153,0
2022-06-11;115,0
2022-06-12;116,0
2022-06-13;94,0
2022-06-14;87,0
2022-06-15;98,0
2022-06-16;79,0
2022-06-17;105,0
2022-06-18;140,0
2022-06-19;145,0
2022-06-20;128,0
2022-06-21;79,0
2022-06-22;92,0
2022-06-23;44,0
2022-06-24;110,0
2022-06-25;115,0
2022-06-26;113,0
2022-06-27;54,0
2022-06-28;83,0
2022-06-29;92,0
2022-06-30;83,0
2022-07-01;29,0
2022-07-02;53,0
2022-07-03;121,0
2022-07-04;127,0
2022-07-05;105,0
2022-07-06;76,0
2022-07-07;128,0
2022-07-08;86,0
2022-07-09;31,0
2022-07-10;11,0
2022-07-11;29,0
2022-07-12;75,0
2022-07-13;78,0
2022-07-14;19,0
2022-07-15;37,0
2022-07-16;47,0
2022-07-17;86,0
2022-07-18;118,0
2022-07-19;128,0
2022-07-20;113,0
2022-07-21;112,0
2022-07-22;143,0
2022-07-23;111,0
2022-07-24;74,0
2022-07-25;55,0
2022-07-26;66,0
2022-07-27;52,0
2022-07-28;82,0
2022-07-29;112,0
2022-07-30;73,0
2022-07-31;84,0
2022-08-01;81,0
2022-08-02;104,0
2022-08-03;84,0
2022-08-04;74,0
2022-08-05;104,0
2022-08-06;48,0
2022-08-07;17,0
2022-08-08;64,0
2022-08-09;121,0
2022-08-10;86,0
2022-08-11;75,0
2022-08-12;49,0
2022-08-13;77,0
2022-08-14;43,0
2022-08-15;16,0
2022-08-16;78,0
2022-08-17;36,0
2022-08-18;84,0
2022-08-19;128,0
2022-08-20;115,0
2022-08-21;81,0
2022-08-22;55,0
2022-08-23;105,0
2022-08-24;123,0
2022-08-25;132,0
2022-08-26;124,0
2022-08-27;78,0
2022-08-28;129,0
2022-08-29;84,0
2022-08-30;53,0
2022-08-31;54,0
2022-09-01;57,0
2022-09-02;125,0
2022-09-03;108,0
2022-09-04;83,0
2022-09-05;86,0
2022-09-06;92,0
2022-09-07;32,0
2022-09-08;26,0
2022-09-09;97,0
2022-09-10;82,0
2022-09-11;22,0
2022-09-12;62,0
2022-09-13;48,0
2022-09-14;89,0
2022-09-15;82,0
2022-09-16;42,0
2022-09-17;32,0
2022-09-18;18,0
2022-09-19;37,0
2022-09-20;29,0
2022-09-21;36,0
2022-09-22;67,0
2022-09-23;71,0
2022-09-24;27,0
2022-09-25;29,0
2022-09-26;43,0
2022-09-27;53,0
2022-09-28;60,0
2022-09-29;68,0
2022-09-30;87,0
2022-10-01;69,0
2022-10-02;59,0
2022-10-03;30,0
2022-10-04;41,0
2022-10-05;37,0
2022-10-06;51,0
2022-10-07;61,0
2022-10-08;30,0
2022-10-09;41,0
2022-10-10;42,0
2022-10-11;65,0
2022-10-12;62,0
2022-10-13;59,0
2022-10-14;68,0
2022-10-15;78,0
2022-10-16;52,0
2022-10-17;44,0
2022-10-18;41,0
2022-10-19;37,0
2022-10-20;47,0
2022-10-21;56,0
2022-10-22;59,0
2022-10-23;50,0
2022-10-24;52,0
2022-10-25;47,0
2022-10-26;41,0
2022-10-27;54,0
2022-10-28;58,0
2022-10-29;44,0
2022-10-30;32,0
2022-10-31;56,0
2022-11-01;62,0
2022-11-02;69,0
2022-11-03;72,0
2022-11-04;75,0
2022-11-05;52,0
2022-11-06;46,0
2022-11-07;63,0
2022-11-08;61,0
2022-11-09;31,0
2022-11-10;42,0
2022-11-11;30,0
2022-11-12;27,0
2022-11-13;24,0
2022-11-14;42,0
2022-11-15;55,0
2022-11-16;52,0
2022-11-17;58,0
2022-11-18;59,0
2022-11-19;47,0
2022-11-20;45,0
2022-11-21;49,0
2022-11-22;61,0
2022-11-23;72,0
2022-11-24;63,0
2022-11-25;65,0
2022-11-26;64,0
2022-11-27;54,0
2022-11-28;57,0
2022-11-29;47,0
2022-11-30;40,0
2022-12-01;50,0
2022-12-02;60,0
2022-12-03;54,0
2022-12-04;46,0
2022-12-05;51,0
2022-12-06;
2022-12-07;
2022-12-08;39,0
2022-12-09;39,0
2022-12-10;47,0
2022-12-11;54,0
2022-12-12;69,0
2022-12-13;63,0
2022-12-14;61,0
2022-12-15;78,0
2022-12-16;144,0
2022-12-17;58,0
2022-12-18;50,0
2022-12-19;51,0
2022-12-20;44,0
2022-12-21;51,0
2022-12-22;
2022-12-23;
2022-12-24;53,0
2022-12-25;50,0
2022-12-26;49,0
2022-12-27;55,0
2022-12-28;59,0
2022-12-29;77,0
2022-12-30;66,0
2022-12-31;41,0
2023-01-01;36,0
2023-01-02;31,0
2023-01-03;42,0
2023-01-04;66,0
2023-01-05;58,0
2023-01-06;53,0
2023-01-07;50,0
2023-01-08;43,0
2023-01-09;49,0
2023-01-10;43,0
2023-01-11;54,0
2023-01-12;52,0
2023-01-13;60,0
2023-01-14;50,0
2023-01-15;49,0
2023-01-16;63,0
2023-01-17;64,0
2023-01-18;72,0
2023-01-19;58,0
2023-01-20;51,0
2023-01-21;51,0
2023-01-22;48,0
2023-01-23;55,0
2023-01-24;45,0
2023-01-25;48,0
2023-01-26;54,0
2023-01-27;62,0
2023-01-28;62,0
2023-01-29;56,0
2023-01-30;53,0
2023-01-31;52,0
2023-02-01;60,0
2023-02-02;67,0
2023-02-03;84,0
2023-02-04;64,0
2023-02-05;49,0
2023-02-06;93,0
2023-02-07;130,0
2023-02-08;116,0
2023-02-09;127,0
2023-02-10;127,0
2023-02-11;83,0
2023-02-12;71,0
2023-02-13;44,0
2023-02-14;55,0
2023-02-15;69,0
2023-02-16;64,0
2023-02-17;61,0
2023-02-18;70,0
2023-02-19;43,0
2023-02-20;60,0
2023-02-21;77,0
2023-02-22;82,0
2023-02-23;80,0
2023-02-24;73,0
2023-02-25;58,0
2023-02-26;51,0
2023-02-27;65,0
2023-02-28;66,0
2023-03-01;76,0
2023-03-02;74,0
2023-03-03;65,0
2023-03-04;67,0
2023-03-05;59,0
2023-03-06;63,0
2023-03-07;64,0
2023-03-08;48,0
2023-03-09;51,0
2023-03-10;53,0
2023-03-11;43,0
2023-03-12;35,0
2023-03-13;45,0
2023-03-14;46,0
2023-03-15;53,0
2023-03-16;55,0
2023-03-17;55,0
2023-03-18;65,0
2023-03-19;59,0
2023-03-20;56,0
2023-03-21;64,0
2023-03-22;74,0
2023-03-23;90,0
2023-03-24;83,0
2023-03-25;76,0
2023-03-26;63,0
2023-03-27;78,0
2023-03-28;74,0
2023-03-29;63,0
2023-03-30;82,0
2023-03-31;91,0
2023-04-01;86,0
2023-04-02;69,0
2023-04-03;82,0
2023-04-04;79,0
2023-04-05;74,0
2023-04-06;77,0
2023-04-07;75,0
2023-04-08;61,0
2023-04-09;64,0
2023-04-10;77,0
2023-04-11;80,0
2023-04-12;62,0
2023-04-13;50,0
2023-04-14;60,0
2023-04-15;63,0
2023-04-16;60,0
2023-04-17;65,0
2023-04-18;101,0
2023-04-19;130,0
2023-04-20;101,0
2023-04-21;66,0
2023-04-22;86,0
2023-04-23;58,0
2023-04-24;75,0
2023-04-25;101,0
2023-04-26;155,0
2023-04-27;110,0
2023-04-28;95,0
2023-04-29;32,0
2023-04-30;21,0
2023-05-01;43,0
2023-05-02;75,0
2023-05-03;94,0
2023-05-04;98,0
2023-05-05;115,0
2023-05-06;102,0
2023-05-07;142,0
2023-05-08;140,0
2023-05-09;135,0
2023-05-10;165,0
2023-05-11;122,0
2023-05-12;118,0
2023-05-13;124,0
2023-05-14;109,0
2023-05-15;73,0
2023-05-16;75,0
2023-05-17;42,0
2023-05-18;71,0
2023-05-19;80,0
2023-05-20;95,0
2023-05-21;83,0
2023-05-22;74,0
2023-05-23;107,0
2023-05-24;86,0
2023-05-25;111,0
2023-05-26;67,0
2023-05-27;83,0
2023-05-28;114,0
2023-05-29;132,0
2023-05-30;139,0
2023-05-31;160,0
2023-06-01;129,0
2023-06-02;94,0
2023-06-03;73,0
2023-06-04;95,0
2023-06-05;133,0
2023-06-06;161,0
2023-06-07;158,0
2023-06-08;67,0
2023-06-09;21,0
2023-06-10;29,0
2023-06-11;56,0
2023-06-12;113,0
2023-06-13;129,0
2023-06-14;122,0
2023-06-15;132,0
2023-06-16;163,0
2023-06-17;147,0
2023-06-18;87,0
2023-06-19;94,0
2023-06-20;101,0
2023-06-21;77,0
2023-06-22;30,0
2023-06-23;29,0
2023-06-24;36,0
2023-06-25;47,0
2023-06-26;43,0
2023-06-27;85,0
2023-06-28;154,0
2023-06-29;164,0
2023-06-30;150,0
2023-07-01;104,0
2023-07-02;64,0
2023-07-03;103,0
2023-07-04;95,0
2023-07-05;70,0
2023-07-06;96,0
2023-07-07;116,0
2023-07-08;86,0
2023-07-09;87,0
2023-07-10;79,0
2023-07-11;67,0
2023-07-12;27,0
2023-07-13;126,0
2023-07-14;133,0
2023-07-15;108,0
2023-07-16;137,0
2023-07-17;181,0
2023-07-18;182,0
2023-07-19;160,0
2023-07-20;149,0
2023-07-21;67,0
2023-07-22;23,0
2023-07-23;68,0
2023-07-24;117,0
2023-07-25;92,0
2023-07-26;94,0
2023-07-27;146,0
2023-07-28;160,0
2023-07-29;119,0
2023-07-30;128,0
2023-07-31;123,0
2023-08-01;113,0
2023-08-02;129,0
2023-08-03;123,0
2023-08-04;119,0
2023-08-05;49,0
2023-08-06;61,0
2023-08-07;100,0
2023-08-08;121,0
2023-08-09;122,0
2023-08-10;24,0
2023-08-11;61,0
2023-08-12;98,0
2023-08-13;98,0
2023-08-14;84,0
2023-08-15;44,0
2023-08-16;49,0
2023-08-17;38,0
2023-08-18;65,0
2023-08-19;36,0
2023-08-20;29,0
2023-08-21;49,0
2023-08-22;22,0
2023-08-23;11,0
2023-08-24;40,0
2023-08-25;57,0
2023-08-26;89,0
2023-08-27;75,0
2023-08-28;80,0
2023-08-29;71,0
2023-08-30;57,0
2023-08-31;88,0
2023-09-01;86,0
2023-09-02;58,0
2023-09-03;42,0
2023-09-04;44,0
2023-09-05;102,0
2023-09-06;32,0
2023-09-07;34,0
2023-09-08;46,0
2023-09-09;64,0
2023-09-10;84,0
2023-09-11;16,0
2023-09-12;33,0
2023-09-13;64,0
2023-09-14;88,0
2023-09-15;84,0
2023-09-16;26,0
2023-09-17;25,0
2023-09-18;60,0
2023-09-19;86,0
2023-09-20;60,0
2023-09-21;49,0
2023-09-22;58,0
2023-09-23;68,0
2023-09-24;57,0
2023-09-25;48,0
2023-09-26;31,0
2023-09-27;60,0
2023-09-28;59,0
2023-09-29;80,0
2023-09-30;74,0
2023-10-01;29,0
2023-10-02;26,0
2023-10-03;26,0
2023-10-04;42,0
2023-10-05;45,0
2023-10-06;48,0
2023-10-07;54,0
2023-10-08;52,0
2023-10-09;53,0
2023-10-10;59,0
2023-10-11;58,0
2023-10-12;62,0
2023-10-13;74,0
2023-10-14;57,0
2023-10-15;54,0
2023-10-16;47,0
2023-10-17;68,0
2023-10-18;44,0
2023-10-19;74,0
2023-10-20;82,0
2023-10-21;62,0
2023-10-22;57,0
2023-10-23;37,0
2023-10-24;58,0
2023-10-25;59,0
2023-10-26;60,0
2023-10-27;30,0
2023-10-28;42,0
2023-10-29;14,0
2023-10-30;29,0
2023-10-31;39,0
2023-11-01;27,0
2023-11-02;30,0
2023-11-03;41,0
2023-11-04;58,0
2023-11-05;41,0
2023-11-06;48,0
2023-11-07;34,0
2023-11-08;50,0
2023-11-09;59,0
2023-11-10;20,0
2023-11-11;28,0
2023-11-12;28,0
2023-11-13;33,0
2023-11-14;47,0
2023-11-15;43,0
2023-11-16;44,0
2023-11-17;41,0
2023-11-18;50,0
2023-11-19;40,0
2023-11-20;
2023-11-21;40,0
2023-11-22;45,0
2023-11-23;51,0
2023-11-24;58,0
2023-11-25;52,0
2023-11-26;45,0
2023-11-27;38,0
2023-11-28;39,0
2023-11-29;43,0
2023-11-30;59,0
2023-12-01;36,0
2023-12-02;38,0
2023-12-03;40,0
2023-12-04;52,0
2023-12-05;47,0
2023-12-06;50,0
2023-12-07;89,0
2023-12-08;71,0
2023-12-09;46,0
2023-12-10;78,0
2023-12-11;59,0
2023-12-12;50,0
2023-12-13;53,0
2023-12-14;64,0
2023-12-15;62,0
2023-12-16;31,0
2023-12-17;24,0
2023-12-18;40,0
2023-12-19;84,0
2023-12-20;82,0
2023-12-21;75,0
2023-12-22;61,0
2023-12-23;51,0
2023-12-24;42,0
2023-12-25;42,0
2023-12-26;63,0
2023-12-27;49,0
2023-12-28;44,0
2023-12-29;54,0
2023-12-30;31,0
2023-12-31;30,0
2024-01-01;34,0
2024-01-02;49,0
2024-01-03;62,0
2024-01-04;66,0
2024-01-05;52,0
2024-01-06;42,0
2024-01-07;33,0
2024-01-08;45,0
2024-01-09;50,0
2024-01-10;57,0
2024-01-11;66,0
2024-01-12;68,0
2024-01-13;49,0
2024-01-14;41,0
2024-01-15;56,0
2024-01-16;49,0
2024-01-17;68,0
2024-01-18;59,0
2024-01-19;68,0
2024-01-20;63,0
2024-01-21;60,0
2024-01-22;73,0
2024-01-23;68,0
2024-01-24;71,0
2024-01-25;74,0
2024-01-26;52,0
2024-01-27;48,0
2024-01-28;49,0
2024-01-29;57,0
2024-01-30;70,0
2024-01-31;76,0
2024-02-01;75,0
2024-02-02;73,0
2024-02-03;68,0
2024-02-04;83,0
2024-02-05;63,0
2024-02-06;69,0
2024-02-07;61,0
2024-02-08;55,0
2024-02-09;52,0
2024-02-10;56,0
2024-02-11;46,0
2024-02-12;61,0
2024-02-13;70,0
2024-02-14;63,0
2024-02-15;59,0
2024-02-16;60,0
2024-02-17;56,0
2024-02-18;53,0
2024-02-19;57,0
2024-02-20;50,0
2024-02-21;44,0
2024-02-22;26,0
2024-02-23;36,0
2024-02-24;37,0
2024-02-25;40,0
2024-02-26;58,0
2024-02-27;56,0
2024-02-28;62,0
2024-02-29;63,0
2024-03-01;72,0
2024-03-02;64,0
2024-03-03;56,0
2024-03-04;61,0
2024-03-05;68,0
2024-03-06;74,0
2024-03-07;58,0
2024-03-08;55,0
2024-03-09;51,0
2024-03-10;54,0
2024-03-11;56,0
2024-03-12;47,0
2024-03-13;51,0
2024-03-14;66,0
2024-03-15;73,0
2024-03-16;63,0
2024-03-17;60,0
2024-03-18;67,0
2024-03-19;86,0
2024-03-20;55,0
2024-03-21;77,0
2024-03-22;65,0
2024-03-23;56,0
2024-03-24;43,0
2024-03-25;51,0
2024-03-26;67,0
2024-03-27;75,0
2024-03-28;65,0
2024-03-29;60,0
2024-03-30;56,0
2024-03-31;54,0
2024-04-01;54,0
2024-04-02;85,0
2024-04-03;82,0
2024-04-04;80,0
2024-04-05;81,0
2024-04-06;74,0
2024-04-07;67,0
2024-04-08;64,0
2024-04-09;88,0
2024-04-10;76,0
2024-04-11;76,0
2024-04-12;72,0
2024-04-13;60,0
2024-04-14;49,0
2024-04-15;35,0
2024-04-16;73,0
2024-04-17;99,0
2024-04-18;93,0
2024-04-19;95,0
2024-04-20;97,0
2024-04-21;65,0
2024-04-22;58,0
2024-04-23;69,0
2024-04-24;75,0
2024-04-25;64,0
2024-04-26;52,0
2024-04-27;51,0
2024-04-28;67,0
2024-04-29;46,0
2024-04-30;32,0
2024-05-01;31,0
2024-05-02;52,0
2024-05-03;59,0
2024-05-04;59,0
2024-05-05;82,0
2024-05-06;60,0
2024-05-07;29,0
2024-05-08;46,0
2024-05-09;74,0
2024-05-10;85,0
2024-05-11;88,0
2024-05-12;56,0
2024-05-13;68,0
2024-05-14;113,0
2024-05-15;91,0
2024-05-16;84,0
2024-05-17;97,0
2024-05-18;92,0
2024-05-19;110,0
2024-05-20;68,0
2024-05-21;27,0
2024-05-22;27,0
2024-05-23;39,0
2024-05-24;108,0
2024-05-25;74,0
2024-05-26;44,0
2024-05-27;101,0
2024-05-28;97,0
2024-05-29;145,0
2024-05-30;150,0
2024-05-31;124,0
2024-06-01;115,0
2024-06-02;147,0
2024-06-03;121,0
2024-06-04;162,0
2024-06-05;149,0
2024-06-06;180,0
2024-06-07;164,0
2024-06-08;79,0
2024-06-09;19,0
2024-06-10;70,0
2024-06-11;125,0
2024-06-12;93,0
2024-06-13;13,0
2024-06-14;31,0
2024-06-15;74,0
2024-06-16;81,0
2024-06-17;95,0
2024-06-18;14,0
2024-06-19;36,0
2024-06-20;66,0
2024-06-21;21,0
2024-06-22;9,0
2024-06-23;19,0
2024-06-24;36,0
2024-06-25;50,0
2024-06-26;120,0
2024-06-27;93,0
2024-06-28;105,0
2024-06-29;156,0
2024-06-30;123,0
2024-07-01;106,0
2024-07-02;113,0
2024-07-03;101,0
2024-07-04;79,0
2024-07-05;141,0
2024-07-06;119,0
2024-07-07;113,0
2024-07-08;127,0
2024-07-09;96,0
2024-07-10;69,0
2024-07-11;121,0
2024-07-12;115,0
2024-07-13;150,0
2024-07-14;134,0
2024-07-15;145,0
2024-07-16;139,0
2024-07-17;114,0
2024-07-18;101,0
2024-07-19;91,0
2024-07-20;102,0
2024-07-21;78,0
2024-07-22;103,0
2024-07-23;71,0
2024-07-24;102,0
2024-07-25;98,0
2024-07-26;110,0
2024-07-27;85,0
2024-07-28;115,0
2024-07-29;131,0
2024-07-30;162,0
2024-07-31;123,0
2024-08-01;68,0
2024-08-02;
2024-08-03;36,0
2024-08-04;73,0
2024-08-05;41,0
2024-08-06;16,0
2024-08-07;45,0
2024-08-08;95,0
2024-08-09;98,0
2024-08-10;100,0
2024-08-11;104,0
2024-08-12;99,0
2024-08-13;95,0
2024-08-14;97,0
2024-08-15;
2024-08-16;
2024-08-17;
2024-08-18;
2024-08-19;62,0
2024-08-20;
2024-08-21;50,0
2024-08-22;
2024-08-23;
2024-08-24;
2024-08-25;
2024-08-26;
2024-08-27;
2024-08-28;62,0
2024-08-29;38,0
2024-08-30;46,0
2024-08-31;83,0
2024-09-01;71,0
2024-09-02;35,0
2024-09-03;59,0
2024-09-04;96,0
2024-09-05;97,0
2024-09-06;79,0
2024-09-07;51,0
2024-09-08;71,0
2024-09-09;81,0
2024-09-10;49,0
2024-09-11;
2024-09-12;67,0
2024-09-13;74,0
2024-09-14;94,0
2024-09-15;91,0
2024-09-16;83,0
2024-09-17;66,0
2024-09-18;106,0
2024-09-19;30,0
2024-09-20;64,0
2024-09-21;26,0
2024-09-22;31,0
2024-09-23;27,0
2024-09-24;38,0
2024-09-25;45,0
2024-09-26;80,0
2024-09-27;75,0
2024-09-28;68,0
2024-09-29;47,0
2024-09-30;37,0
2024-10-01;34,0
2024-10-02;52,0
2024-10-03;73,0
2024-10-04;84,0
2024-10-05;55,0
2024-10-06;52,0
2024-10-07;35,0
2024-10-08;15,0
2024-10-09;37,0
2024-10-10;53,0
2024-10-11;40,0
2024-10-12;44,0
2024-10-13;37,0
2024-10-14;50,0
2024-10-15;68,0
2024-10-16;50,0
2024-10-17;56,0
2024-10-18;59,0
2024-10-19;57,0
2024-10-20;14,0
2024-10-21;31,0
2024-10-22;45,0
2024-10-23;24,0
2024-10-24;37,0
2024-10-25;40,0
2024-10-26;51,0
2024-10-27;46,0
2024-10-28;61,0
2024-10-29;58,0
2024-10-30;51,0
2024-10-31;42,0
2024-11-01;24,0
2024-11-02;29,0
2024-11-03;32,0
2024-11-04;38,0
2024-11-05;48,0
2024-11-06;54,0
2024-11-07;59,0
2024-11-08;59,0
2024-11-09;56,0
2024-11-10;25,0
2024-11-11;39,0
2024-11-12;56,0
2024-11-13;79,0
2024-11-14;63,0
2024-11-15;53,0
2024-11-16;46,0
2024-11-17;42,0
2024-11-18;49,0
2024-11-19;49,0
2024-11-20;54,0
2024-11-21;58,0
2024-11-22;42,0
2024-11-23;39,0
2024-11-24;29,0
2024-11-25;39,0
2024-11-26;43,0
2024-11-27;47,0
2024-11-28;41,0
2024-11-29;
2024-11-30;46,0
2024-12-01;25,0
2024-12-02;43,0
2024-12-03;54,0
2024-12-04;58,0
2024-12-05;36,0
2024-12-06;41,0
2024-12-07;49,0
2024-12-08;32,0
2024-12-09;49,0
2024-12-10;61,0
2024-12-11;60,0
2024-12-12;44,0
2024-12-13;59,0
2024-12-14;53,0
2024-12-15;46,0
2024-12-16;53,0
2024-12-17;49,0
2024-12-18;48,0
2024-12-19;61,0
2024-12-20;73,0
2024-12-21;53,0
2024-12-22;54,0
2024-12-23;63,0
2024-12-24;51,0
2024-12-25;42,0
2024-12-26;46,0
2024-12-27;46,0
2024-12-28;40,0
2024-12-29;39,0
2024-12-30;52,0
2024-12-31;47,0
2025-01-01;43,0
2025-01-02;46,0
2025-01-03;57,0
2025-01-04;48,0
2025-01-05;46,0
2025-01-06;49,0
2025-01-07;38,0
2025-01-08;44,0
2025-01-09;49,0
2025-01-10;52,0
2025-01-11;48,0
2025-01-12;43,0
2025-01-13;37,0
2025-01-14;46,0
2025-01-15;52,0
2025-01-16;32,0
2025-01-17;50,0
2025-01-18;41,0
2025-01-19;31,0
2025-01-20;55,0
2025-01-21;52,0
2025-01-22;42,0
2025-01-23;43,0
2025-01-24;49,0
2025-01-25;52,0
2025-01-26;50,0
2025-01-27;53,0
2025-01-28;51,0
2025-01-29;65,0
2025-01-30;62,0
2025-01-31;54,0
2025-02-01;42,0
2025-02-02;40,0
2025-02-03;45,0
2025-02-04;43,0
2025-02-05;48,0
2025-02-06;52,0
2025-02-07;64,0
2025-02-08;64,0
2025-02-09;66,0
2025-02-10;53,0
2025-02-11;51,0
2025-02-12;62,0
2025-02-13;65,0
2025-02-14;55,0
2025-02-15;43,0
2025-02-16;39,0
2025-02-17;51,0
2025-02-18;62,0
2025-02-19;63,0
2025-02-20;62,0
2025-02-21;62,0
2025-02-22;62,0
2025-02-23;45,0
2025-02-24;49,0
2025-02-25;
2025-02-26;59,0
2025-02-27;72,0
2025-02-28;48,0
2025-03-01;36,0
2025-03-02;31,0
2025-03-03;40,0
2025-03-04;55,0
2025-03-05;55,0
2025-03-06;50,0
2025-03-07;41,0
2025-03-08;50,0
2025-03-09;47,0
2025-03-10;69,0
2025-03-11;62,0
2025-03-12;72,0
2025-03-13;74,0
2025-03-14;59,0
2025-03-15;49,0
2025-03-16;51,0
2025-03-17;66,0
2025-03-18;88,0
2025-03-19;71,0
2025-03-20;63,0
2025-03-21;72,0
2025-03-22;57,0
2025-03-23;53,0
2025-03-24;58,0
2025-03-25;65,0
2025-03-26;69,0
2025-03-27;60,0
2025-03-28;79,0
2025-03-29;
2025-03-30;
2025-03-31;
2025-04-01;
2025-04-02;76,0
2025-04-03;86,0
2025-04-04;80,0
2025-04-05;43,0
2025-04-06;37,0
2025-04-07;74,0
2025-04-08;84,0
2025-04-09;69,0
2025-04-10;56,0
2025-04-11;48,0
2025-04-12;66,0
2025-04-13;66,0
2025-04-14;48,0
2025-04-15;65,0
2025-04-16;67,0
2025-04-17;88,0
2025-04-18;78,0
2025-04-19;67,0
2025-04-20;62,0
2025-04-21;81,0
2025-04-22;84,0
2025-04-23;74,0
2025-04-24;45,0
2025-04-25;41,0
2025-04-26;42,0
2025-04-27;65,0
2025-04-28;73,0
2025-04-29;72,0
2025-04-30;66,0
2025-05-01;79,0
2025-05-02;111,0
2025-05-03;112,0
2025-05-04;82,0
2025-05-05;85,0
2025-05-06;121,0
2025-05-07;106,0
2025-05-08;24,0
2025-05-09;69,0
2025-05-10;114,0
2025-05-11;69,0
2025-05-12;81,0
2025-05-13;105,0
2025-05-14;97,0
2025-05-15;129,0
2025-05-16;105,0
2025-05-17;82,0
2025-05-18;80,0
2025-05-19;44,0
2025-05-20;93,0
2025-05-21;69,0
2025-05-22;123,0
2025-05-23;124,0
2025-05-24;133,0
2025-05-25;81,0
2025-05-26;29,0
2025-05-27;26,0
2025-05-28;116,0
2025-05-29;107,0
2025-05-30;89,0
2025-05-31;114,0
2025-06-01;105,0
2025-06-02;134,0
2025-06-03;191,0
2025-06-04;155,0
2025-06-05;162,0
2025-06-06;108,0
2025-06-07;119,0
2025-06-08;144,0
2025-06-09;123,0
2025-06-10;130,0
2025-06-11;75,0
2025-06-12;44,0
2025-06-13;66,0
2025-06-14;77,0
2025-06-15;56,0
2025-06-16;21,0
2025-06-17;73,0
2025-06-18;107,0
2025-06-19;137,0
2025-06-20;104,0
2025-06-21;99,0
2025-06-22;31,0
2025-06-23;65,0
2025-06-24;79,0
2025-06-25;66,0
2025-06-26;92,0
2025-06-27;113,0
2025-06-28;94,0
2025-06-29;95,0
2025-06-30;128,0
2025-07-01;163,0
2025-07-02;169,0
2025-07-03;156,0
2025-07-04;111,0
2025-07-05;64,0
2025-07-06;49,0
2025-07-07;77,0
2025-07-08;93,0
2025-07-09;70,0
2025-07-10;120,0
2025-07-11;161,0
2025-07-12;152,0
2025-07-13;109,0
2025-07-14;109,0
2025-07-15;126,0
2025-07-16;110,0
2025-07-17;158,0
2025-07-18;138,0
2025-07-19;114,0
2025-07-20;114,0
2025-07-21;131,0
2025-07-22;159,0
2025-07-23;120,0
2025-07-24;86,0
2025-07-25;122,0
2025-07-26;119,0
2025-07-27;99,0
2025-07-28;136,0
2025-07-29;148,0
2025-07-30;99,0
2025-07-31;43,0
2025-08-01;13,0
2025-08-02;22,0
2025-08-03;73,0
2025-08-04;108,0
2025-08-05;104,0
2025-08-06;80,0
2025-08-07;73,0
2025-08-08;119,0
2025-08-09;40,0
2025-08-10;80,0
2025-08-11;117,0
2025-08-12;102,0
2025-08-13;131,0
2025-08-14;88,0
2025-08-15;21,0
2025-08-16;41,0
2025-08-17;43,0
2025-08-18;53,0
2025-08-19;41,0
2025-08-20;47,0
2025-08-21;21,0
2025-08-22;9,0
2025-08-23;40,0
2025-08-24;64,0
2025-08-25;89,0
2025-08-26;109,0
2025-08-27;90,0
2025-08-28;48,0
2025-08-29;30,0
2025-08-30;36,0
2025-08-31;49,0
2025-09-01;68,0
2025-09-02;42,0
2025-09-03;59,0
2025-09-04;103,0
2025-09-05;102,0
2025-09-06;52,0
2025-09-07;34,0
2025-09-08;52,0
2025-09-09;64,0
2025-09-10;56,0
2025-09-11;90,0
2025-09-12;96,0
2025-09-13;40,0
2025-09-14;41,0
2025-09-15;85,0
2025-09-16;76,0
2025-09-17;53,0
2025-09-18;54,0
2025-09-19;53,0
2025-09-20;19,0
2025-09-21;9,0
2025-09-22;45,0
2025-09-23;68,0
2025-09-24;70,0
2025-09-25;62,0
2025-09-26;31,0
2025-09-27;42,0
2025-09-28;50,0
2025-09-29;35,0
2025-09-30;50,0
2025-10-01;72,0
2025-10-02;74,0
2025-10-03;76,0
2025-10-04;22,0
2025-10-05;12,0
2025-10-06;36,0
2025-10-07;49,0
2025-10-08;54,0
2025-10-09;60,0
2025-10-10;69,0
2025-10-11;37,0
2025-10-12;43,0
2025-10-13;52,0
2025-10-14;62,0
2025-10-15;53,0
2025-10-16;57,0
2025-10-17;67,0
2025-10-18;63,0
2025-10-19;52,0
2025-10-20;57,0
2025-10-21;64,0
2025-10-22;63,0
2025-10-23;57,0
2025-10-24;50,0
2025-10-25;36,0
2025-10-26;40,0
2025-10-27;44,0
2025-10-28;52,0
2025-10-29;52,0
2025-10-30;50,0
2025-10-31;48,0
2025-11-01;27,0
2025-11-02;43,0
2025-11-03;40,0
2025-11-04;36,0
2025-11-05;42,0
2025-11-06;29,0
2025-11-07;28,0
2025-11-08;44,0
2025-11-09;31,0
2025-11-10;41,0
2025-11-11;37,0
2025-11-12;49,0
2025-11-13;60,0
2025-11-14;61,0
2025-11-15;38,0
2025-11-16;30,0
2025-11-17;49,0
2025-11-18;67,0
2025-11-19;67,0
2025-11-20;54,0
2025-11-21;58,0
2025-11-22;55,0
2025-11-23;49,0
2025-11-24;52,0
2025-11-25;53,0
2025-11-26;41,0
2025-11-27;51,0
2025-11-28;39,0
2025-11-29;29,0
2025-11-30;31,0
2025-12-01;43,0
2025-12-02;45,0
2025-12-03;60,0
2025-12-04;56,0
2025-12-05;47,0
2025-12-06;51,0
2025-12-07;28,0
2025-12-08;34,0
2025-12-09;48,0
2025-12-10;44,0
2025-12-11;34,0
2025-12-12;43,0
2025-12-13;34,0
2025-12-14;26,0
2025-12-15;40,0
2025-12-16;76,0
2025-12-17;80,0
2025-12-18;54,0
2025-12-19;48,0
2025-12-20;31,0
2025-12-21;25,0
2025-12-22;39,0
2025-12-23;49,0
2025-12-24;50,0
2025-12-25;42,0
2025-12-26;45,0
2025-12-27;43,0
2025-12-28;37,0
2025-12-29;56,0
2025-12-30;56,0
2025-12-31;57,0
2026-01-01;51,0
2026-01-02;48,0
2026-01-03;37,0
2026-01-04;29,0
2026-01-05;31,0
2026-01-06;39,0
2026-01-07;52,0
2026-01-08;51,0
2026-01-09;49,0
2026-01-10;51,0
2026-01-11;46,0
2026-01-12;54,0
2026-01-13;51,0
2026-01-14;60,0
2026-01-15;45,0
2026-01-16;59,0
2026-01-17;53,0
2026-01-18;69,0
2026-01-19;87,0
2026-01-20;84,0
2026-01-21;68,0
2026-01-22;58,0
2026-01-23;64,0
2026-01-24;51,0
2026-01-25;36,0
2026-01-26;28,0
2026-01-27;35,0
2026-01-28;50,0
2026-01-29;58,0
2026-01-30;39,0
2026-01-31;28,0
2026-02-01;28,0
2026-02-02;31,0
2026-02-03;29,0
2026-02-04;32,0
2026-02-05;33,0
2026-02-06;42,0
2026-02-07;49,0
2026-02-08;41,0
2026-02-09;34,0
2026-02-10;38,0
2026-02-11;46,0
2026-02-12;57,0
2026-02-13;56,0
2026-02-14;44,0
2026-02-15;33,0
2026-02-16;49,0
2026-02-17;52,0
2026-02-18;56,0
2026-02-19;54,0
2026-02-20;64,0
2026-02-21;55,0
2026-02-22;49,0
2026-02-23;66,0
2026-02-24;59,0
2026-02-25;56,0
2026-02-26;56,0
2026-02-27;56,0
2026-02-28;46,0
2026-03-01;35,0
2026-03-02;35,0
2026-03-03;59,0
2026-03-04;69,0
2026-03-05;76,0
2026-03-06;84,0
2026-03-07;55,0
2026-03-08;39,0
2026-03-09;64,0
2026-03-10;69,0
2026-03-11;76,0
2026-03-12;102,0
2026-03-13;116,0
2026-03-14;122,0
2026-03-15;94,0
2026-03-16;
2026-03-17;47,0
2026-03-18;63,0
2026-03-19;53,0
2026-03-20;28,0
2026-03-21;20,0
2026-03-22;24,0
2026-03-23;39,0
2026-03-24;50,0
2026-03-25;48,0
2026-03-26;56,0
2026-03-27;65,0
2026-03-28;60,0
2026-03-29;52,0
2026-03-30;57,0
2026-03-31;61,0
2026-04-01;57,0
2026-04-02;72,0
2026-04-03;70,0
2026-04-04;71,0
2026-04-05;54,0
2026-04-06;49,0
2026-04-07;80,0
2026-04-08;72,0
2026-04-09;73,0
2026-04-10;51,0
2026-04-11;55,0
2026-04-12;60,0
2026-04-13;67,0
2026-04-14;62,0
2026-04-15;94,0
2026-04-16;88,0
2026-04-17;66,0
2026-04-18;37,0
2026-04-19;35,0
2026-04-20;24,0
2026-04-21;57,0
2026-04-22;61,0
2026-04-23;75,0
2026-04-24;70,0
2026-04-25;71,0
2026-04-26;68,0
2026-04-27;67,0
2026-04-28;59,0
2026-04-29;66,0
2026-04-30;74,0
2026-05-01;54,0
2026-05-02;89,0
2026-05-03;65,0
2026-05-04;90,0
2026-05-05;92,0
2026-05-06;33,0
2026-05-07;31,0
2026-05-08;48,0
2026-05-09;82,0
2026-05-10;97,0
2026-05-11;88,0
2026-05-12;66,0
2026-05-13;107,0
2026-05-14;154,0
2026-05-15;116,0
2026-05-16;93,0
2026-05-17;111,0
2026-05-18;104,0
2026-05-19;125,0
2026-05-20;152,0
2026-05-21;80,0
2026-05-22;102,0
2026-05-23;86,0
2026-05-24;137,0
2026-05-25;131,0
2026-05-26;97,0
2026-05-27;103,0
2026-05-28;120,0
2026-05-29;161,0
2026-05-30;129,0
2026-05-31;67,0
2026-06-01;103,0
2026-06-02;150,0
2026-06-03;151,0
2026-06-04;123,0
2026-06-05;101,0
2026-06-06;113,0
2026-06-07;136,0
2026-06-08;109,0
2026-06-09;70,0
2026-06-10;56,0
2026-06-11;88,0
2026-06-12;125,0
2026-06-13;145,0
2026-06-14;166,0
2026-06-15;155,0
2026-06-16;196,0
2026-06-17;105,0
2026-06-18;58,0
2026-06-19;95,0
2026-06-20;69,0
2026-06-21;37,0
2026-06-22;72,0
2026-06-23;89,0
2026-06-24;151,0
2026-06-25;131,0
2026-06-26;111,0
2026-06-27;94,0
2026-06-28;97,0
2026-06-29;95,0
2026-06-30;94,0
2026-07-01;61,0
2026-07-02;111,0
2026-07-03;117,0
2026-07-04;87,0
2026-07-05;61,0
2026-07-06;117,0
2026-07-07;135,0
2026-07-08;148,0
2026-07-09;203,0
2026-07-10;112,0
2026-07-11;89,0
2026-07-12;117,0
2026-07-13;79,0
2026-07-14;89,0
2026-07-15;91,0
2026-07-16;30,0
2026-07-17;10,0
2026-07-18;18,0
2026-07-19;60,0
2026-07-20;24,0
2026-07-21;22,0
2026-07-22;73,0
2026-07-23;48,0
2026-07-24;85,0
2026-07-25;53,0
2026-07-26;56,0
2026-07-27;35,0
2026-07-28;30,0
2026-07-29;110,0
2026-07-30;70,0
2026-07-31;43,0
2026-08-01;80,0
2026-08-02;29,0
2026-08-03;84,0
2026-08-04;107,0
2026-08-05;116,0
2026-08-06;32,0
2026-08-07;49,0
2026-08-08;24,0
2026-08-09;43,0
2026-08-10;64,0
2026-08-11;92,0
2026-08-12;119,0
2026-08-13;116,0
2026-08-14;54,0
2026-08-15;24,0
2026-08-16;29,0
2026-08-17;31,0
2026-08-18;59,0
2026-08-19;66,0
2026-08-20;102,0
2026-08-21;137,0
2026-08-22;101,0
2026-08-23;89,0
2026-08-24;86,0
2026-08-25;51,0
2026-08-26;25,0
2026-08-27;30,0
2026-08-28;45,0
2026-08-29;57,0
2026-08-30;50,0
2026-08-31;35,0
2026-09-01;87,0
2026-09-02;75,0
2026-09-03;50,0
2026-09-04;62,0
2026-09-05;80,0
2026-09-06;69,0
2026-09-07;73,0
2026-09-08;63,0
2026-09-09;65,0
2026-09-10;88,0
2026-09-11;
